eleccion_id,ambito,distrito,tipo_voto,agrupacion_key,nombre_fuente,formula,votos,fuente_id
2019-PASO,PAIS,Total pais,POSITIVO,FRENTE_DE_TODOS,FRENTE DE TODOS,,12205085,CONTROL_2019_pv_definitivos_total_pais_paso_y_generales_1_TOTAL_PAIS_PASO
2019-PASO,PAIS,Total pais,POSITIVO,JUNTOS_POR_EL_CAMBIO,JUNTOS POR EL CAMBIO,,8121596,CONTROL_2019_pv_definitivos_total_pais_paso_y_generales_1_TOTAL_PAIS_PASO
2019-PASO,PAIS,Total pais,POSITIVO,CONSENSO_FEDERAL,CONSENSO FEDERAL,,2081293,CONTROL_2019_pv_definitivos_total_pais_paso_y_generales_1_TOTAL_PAIS_PASO
2019-PASO,PAIS,Total pais,POSITIVO,FRENTE_DE_IZQUIERDA_Y_DE_TRABAJADORES_UNIDAD,FRENTE DE IZQUIERDA Y DE TRABAJADORES - UNIDAD,,723128,CONTROL_2019_pv_definitivos_total_pais_paso_y_generales_1_TOTAL_PAIS_PASO
2019-PASO,PAIS,Total pais,POSITIVO,FRENTE_NOS,FRENTE NOS,,670156,CONTROL_2019_pv_definitivos_total_pais_paso_y_generales_1_TOTAL_PAIS_PASO
2019-PASO,PAIS,Total pais,POSITIVO,UNITE_POR_LA_LIBERTAD_Y_LA_DIGNIDAD,UNITE POR LA LIBERTAD Y LA DIGNIDAD,,550580,CONTROL_2019_pv_definitivos_total_pais_paso_y_generales_1_TOTAL_PAIS_PASO
2019-PASO,PAIS,Total pais,POSITIVO,MOVIMIENTO_AL_SOCIALISMO,MOVIMIENTO AL SOCIALISMO,,179428,CONTROL_2019_pv_definitivos_total_pais_paso_y_generales_1_TOTAL_PAIS_PASO
2019-PASO,PAIS,Total pais,POSITIVO,FRENTE_PATRIOTA,FRENTE PATRIOTA,,58938,CONTROL_2019_pv_definitivos_total_pais_paso_y_generales_1_TOTAL_PAIS_PASO
2019-PASO,PAIS,Total pais,POSITIVO,MOVIMIENTO_DE_ACCION_VECINAL,MOVIMIENTO DE ACCION VECINAL,,36410,CONTROL_2019_pv_definitivos_total_pais_paso_y_generales_1_TOTAL_PAIS_PASO
2019-PASO,PAIS,Total pais,POSITIVO,PARTIDO_AUTONOMISTA,PARTIDO AUTONOMISTA,,32719,CONTROL_2019_pv_definitivos_total_pais_paso_y_generales_1_TOTAL_PAIS_PASO
2019-PASO,PAIS,Total pais,BLANCO,,,,882633,CONTROL_2019_pv_definitivos_total_pais_paso_y_generales_1_TOTAL_PAIS_PASO
2019-PASO,PAIS,Total pais,NULO,,,,318001,CONTROL_2019_pv_definitivos_total_pais_paso_y_generales_1_TOTAL_PAIS_PASO
2019-GENERAL,PAIS,Total pais,POSITIVO,FRENTE_DE_TODOS,FRENTE DE TODOS,,12946037,CONTROL_2019_pv_definitivos_total_pais_paso_y_generales_1_TOTAL_PAIS_GENERALES
2019-GENERAL,PAIS,Total pais,POSITIVO,JUNTOS_POR_EL_CAMBIO,JUNTOS POR EL CAMBIO,,10811586,CONTROL_2019_pv_definitivos_total_pais_paso_y_generales_1_TOTAL_PAIS_GENERALES
2019-GENERAL,PAIS,Total pais,POSITIVO,CONSENSO_FEDERAL,CONSENSO FEDERAL,,1649322,CONTROL_2019_pv_definitivos_total_pais_paso_y_generales_1_TOTAL_PAIS_GENERALES
2019-GENERAL,PAIS,Total pais,POSITIVO,FRENTE_DE_IZQUIERDA_Y_DE_TRABAJADORES_UNIDAD,FRENTE DE IZQUIERDA Y DE TRABAJADORES - UNIDAD,,579228,CONTROL_2019_pv_definitivos_total_pais_paso_y_generales_1_TOTAL_PAIS_GENERALES
2019-GENERAL,PAIS,Total pais,POSITIVO,FRENTE_NOS,FRENTE NOS,,457956,CONTROL_2019_pv_definitivos_total_pais_paso_y_generales_1_TOTAL_PAIS_GENERALES
2019-GENERAL,PAIS,Total pais,POSITIVO,UNITE_POR_LA_LIBERTAD_Y_LA_DIGNIDAD,UNITE POR LA LIBERTAD Y LA DIGNIDAD,,394207,CONTROL_2019_pv_definitivos_total_pais_paso_y_generales_1_TOTAL_PAIS_GENERALES
2019-GENERAL,PAIS,Total pais,BLANCO,,,,441503,CONTROL_2019_pv_definitivos_total_pais_paso_y_generales_1_TOTAL_PAIS_GENERALES
2019-GENERAL,PAIS,Total pais,NULO,,,,250057,CONTROL_2019_pv_definitivos_total_pais_paso_y_generales_1_TOTAL_PAIS_GENERALES
2019-GENERAL,PAIS,Total pais,POSITIVO,FRENTE_DE_TODOS,FRENTE DE TODOS,,12946037,CONTROL_p.v._definitivo_x_distrito_grales_2019_TOTAL_PAIS
2019-GENERAL,PAIS,Total pais,POSITIVO,JUNTOS_POR_EL_CAMBIO,JUNTOS POR EL CAMBIO,,10811586,CONTROL_p.v._definitivo_x_distrito_grales_2019_TOTAL_PAIS
2019-GENERAL,PAIS,Total pais,POSITIVO,CONSENSO_FEDERAL,CONSENSO FEDERAL,,1649322,CONTROL_p.v._definitivo_x_distrito_grales_2019_TOTAL_PAIS
2019-GENERAL,PAIS,Total pais,POSITIVO,FRENTE_DE_IZQUIERDA_Y_DE_TRABAJADORES_UNIDAD,FRENTE DE IZQUIERDA Y DE TRABAJADORES - UNIDAD,,579228,CONTROL_p.v._definitivo_x_distrito_grales_2019_TOTAL_PAIS
2019-GENERAL,PAIS,Total pais,POSITIVO,FRENTE_NOS,FRENTE NOS,,457956,CONTROL_p.v._definitivo_x_distrito_grales_2019_TOTAL_PAIS
2019-GENERAL,PAIS,Total pais,POSITIVO,UNITE_POR_LA_LIBERTAD_Y_LA_DIGNIDAD,UNITE POR LA LIBERTAD Y LA DIGNIDAD,,394207,CONTROL_p.v._definitivo_x_distrito_grales_2019_TOTAL_PAIS
2019-GENERAL,PAIS,Total pais,BLANCO,,,,441503,CONTROL_p.v._definitivo_x_distrito_grales_2019_TOTAL_PAIS
2019-GENERAL,PAIS,Total pais,NULO,,,,250057,CONTROL_p.v._definitivo_x_distrito_grales_2019_TOTAL_PAIS
2019-GENERAL,PROVINCIA,Santa Fe,POSITIVO,FRENTE_DE_TODOS,FRENTE DE TODOS,,920202,CONTROL_p.v._definitivo_x_distrito_grales_2019_SANTA_FE
2019-GENERAL,PROVINCIA,Santa Fe,POSITIVO,JUNTOS_POR_EL_CAMBIO,JUNTOS POR EL CAMBIO,,937611,CONTROL_p.v._definitivo_x_distrito_grales_2019_SANTA_FE
2019-GENERAL,PROVINCIA,Santa Fe,POSITIVO,CONSENSO_FEDERAL,CONSENSO FEDERAL,,193603,CONTROL_p.v._definitivo_x_distrito_grales_2019_SANTA_FE
2019-GENERAL,PROVINCIA,Santa Fe,POSITIVO,FRENTE_DE_IZQUIERDA_Y_DE_TRABAJADORES_UNIDAD,FRENTE DE IZQUIERDA Y DE TRABAJADORES - UNIDAD,,30862,CONTROL_p.v._definitivo_x_distrito_grales_2019_SANTA_FE
2019-GENERAL,PROVINCIA,Santa Fe,POSITIVO,FRENTE_NOS,FRENTE NOS,,33247,CONTROL_p.v._definitivo_x_distrito_grales_2019_SANTA_FE
2019-GENERAL,PROVINCIA,Santa Fe,POSITIVO,UNITE_POR_LA_LIBERTAD_Y_LA_DIGNIDAD,UNITE POR LA LIBERTAD Y LA DIGNIDAD,,40353,CONTROL_p.v._definitivo_x_distrito_grales_2019_SANTA_FE
2019-GENERAL,PROVINCIA,Santa Fe,BLANCO,,,,14121,CONTROL_p.v._definitivo_x_distrito_grales_2019_SANTA_FE
2019-GENERAL,PROVINCIA,Santa Fe,NULO,,,,29501,CONTROL_p.v._definitivo_x_distrito_grales_2019_SANTA_FE
2003-GENERAL,PROVINCIA,Santa Fe,POSITIVO,ALIANZA_FRENTE_POR_LA_LEALTAD_UNION_DEL_CENTRO_DEMOCRATICO,Alianza Frente por la Lealtad - Unión del Centro Democrático,MENEM - ROMERO,425886,CONTROL_resultados_2003_presidente_y_vicepresidente_SANTA_FE
2003-GENERAL,PROVINCIA,Santa Fe,POSITIVO,ALIANZA_AFIRMACION_PARA_UNA_REPUBLICA_IGUALITARIA,Alianza Afirmación para una República Igualitaria,CARRIÓ - GUTIÉRREZ,424085,CONTROL_resultados_2003_presidente_y_vicepresidente_SANTA_FE
2003-GENERAL,PROVINCIA,Santa Fe,POSITIVO,ALIANZA_MOVIMIENTO_FEDERAL_PARA_RECREAR_EL_CRECIMIENTO,Alianza Movimiento Federal para Recrear el Crecimiento,LÓPEZ MURPHY - GÓMEZ DIEZ,292124,CONTROL_resultados_2003_presidente_y_vicepresidente_SANTA_FE
2003-GENERAL,PROVINCIA,Santa Fe,POSITIVO,ALIANZA_FRENTE_PARA_LA_VICTORIA,Alianza Frente para la Victoria,KIRCHNER - SCIOLI,271591,CONTROL_resultados_2003_presidente_y_vicepresidente_SANTA_FE
2003-GENERAL,PROVINCIA,Santa Fe,POSITIVO,ALIANZA_FRENTE_MOVIMIENTO_POPULAR_UNION_Y_LIBERTAD,Alianza Frente Movimiento Popular - Unión y Libertad,RODRÍGUEZ SAÁ - POSSE,144154,CONTROL_resultados_2003_presidente_y_vicepresidente_SANTA_FE
2003-GENERAL,PROVINCIA,Santa Fe,POSITIVO,UNION_CIVICA_RADICAL,Unión Cívica Radical,MOREAU - LOSADA,27074,CONTROL_resultados_2003_presidente_y_vicepresidente_SANTA_FE
2003-GENERAL,PROVINCIA,Santa Fe,POSITIVO,SOCIALISTA,Socialista,BRAVO - GIUSTINIANI,26894,CONTROL_resultados_2003_presidente_y_vicepresidente_SANTA_FE
2003-GENERAL,PROVINCIA,Santa Fe,POSITIVO,ALIANZA_IZQUIERDA_UNIDA,Alianza Izquierda Unida,WALSH - PARRILLI,24187,CONTROL_resultados_2003_presidente_y_vicepresidente_SANTA_FE
2003-GENERAL,PROVINCIA,Santa Fe,POSITIVO,OBRERO,Obrero,ALTAMIRA - SALAS,8984,CONTROL_resultados_2003_presidente_y_vicepresidente_SANTA_FE
2003-GENERAL,PROVINCIA,Santa Fe,POSITIVO,CONFEDERACION_PARA_QUE_SE_VAYAN_TODOS,Confederación para que se vayan todos,VENTURINO - PINTO KRAMER,8100,CONTROL_resultados_2003_presidente_y_vicepresidente_SANTA_FE
2003-GENERAL,PROVINCIA,Santa Fe,POSITIVO,HUMANISTA,Humanista,SULLING - AMBROSIO,5669,CONTROL_resultados_2003_presidente_y_vicepresidente_SANTA_FE
2003-GENERAL,PROVINCIA,Santa Fe,POSITIVO,DEMOCRATA_CRISTIANO,Demócrata Cristiano,HERRERA - CÚNEO,4774,CONTROL_resultados_2003_presidente_y_vicepresidente_SANTA_FE
2003-GENERAL,PROVINCIA,Santa Fe,POSITIVO,MOVIMIENTO_DE_INTEGRACION_Y_DESARROLLO,Movimiento de Integración y Desarrollo,ZAFFORE - PERIE,4755,CONTROL_resultados_2003_presidente_y_vicepresidente_SANTA_FE
2003-GENERAL,PROVINCIA,Santa Fe,POSITIVO,ALIANZA_TIEMPOS_DE_CAMBIO_UNION_POPULAR,Alianza Tiempos de Cambio - Unión Popular,ARCAGNI - ZENOF,4531,CONTROL_resultados_2003_presidente_y_vicepresidente_SANTA_FE
2003-GENERAL,PROVINCIA,Santa Fe,POSITIVO,SOCIALISTA_AUTENTICO,Socialista Auténtico,MAZZITELLI - CAMPS,3949,CONTROL_resultados_2003_presidente_y_vicepresidente_SANTA_FE
2003-GENERAL,PROVINCIA,Santa Fe,POSITIVO,POPULAR_DE_LA_RECONSTRUCCION,Popular de la Reconstrucción,BREIDE OBEID -VASENA,3844,CONTROL_resultados_2003_presidente_y_vicepresidente_SANTA_FE
2003-GENERAL,PROVINCIA,Santa Fe,POSITIVO,MOVIMIENTO_POR_LA_DIGNIDAD_Y_LA_INDEPENDENCIA,Movimiento por la Dignidad y la Independencia,TERÁN - BONACCI,3453,CONTROL_resultados_2003_presidente_y_vicepresidente_SANTA_FE
2003-GENERAL,PROVINCIA,Santa Fe,POSITIVO,ALIANZA_UNIDOS_O_DOMINADOS,Alianza Unidos o Dominados,MUSSA - SUÁREZ,1681,CONTROL_resultados_2003_presidente_y_vicepresidente_SANTA_FE
2003-GENERAL,PROVINCIA,Santa Fe,BLANCO,,,,23613,CONTROL_resultados_2003_presidente_y_vicepresidente_SANTA_FE
2003-GENERAL,PROVINCIA,Santa Fe,NULO,,,,31052,CONTROL_resultados_2003_presidente_y_vicepresidente_SANTA_FE
2007-GENERAL,PROVINCIA,Santa Fe,POSITIVO,ALIANZA_FRENTE_PARA_LA_VICTORIA,Alianza Frente para la Victoria,FERNÁNDEZ DE KIRCHNER - COBOS,606361,CONTROL_resultados_2007_presidente_y_vicepresidente_SANTA_FE
2007-GENERAL,PROVINCIA,Santa Fe,POSITIVO,ALIANZA_CONFEDERACION_COALICION_CIVICA,Alianza Confederación Coalición Cívica,CARRIÓ - GIUSTINIANI,582165,CONTROL_resultados_2007_presidente_y_vicepresidente_SANTA_FE
2007-GENERAL,PROVINCIA,Santa Fe,POSITIVO,ALIANZA_CONCERTACION_PARA_UNA_NACION_AVANZADA,Alianza Concertación para una Nación Avanzada,LAVAGNA - MORALES,282702,CONTROL_resultados_2007_presidente_y_vicepresidente_SANTA_FE
2007-GENERAL,PROVINCIA,Santa Fe,POSITIVO,ALIANZA_FRENTE_JUSTICIA_UNION_Y_LIBERTAD,"Alianza Frente Justicia, Unión y Libertad",RODRÍGUEZ SAÁ - MAYA,131663,CONTROL_resultados_2007_presidente_y_vicepresidente_SANTA_FE
2007-GENERAL,PROVINCIA,Santa Fe,POSITIVO,SOCIALISTA_AUTENTICO,Socialista Auténtico,SOLANAS - CADELLI,36629,CONTROL_resultados_2007_presidente_y_vicepresidente_SANTA_FE
2007-GENERAL,PROVINCIA,Santa Fe,POSITIVO,RECREAR_PARA_EL_CRECIMIENTO,Recrear para el Crecimiento,LÓPEZ MURPHY - BULLRICH,18215,CONTROL_resultados_2007_presidente_y_vicepresidente_SANTA_FE
2007-GENERAL,PROVINCIA,Santa Fe,POSITIVO,EL_MOVIMIENTO_DE_LAS_PROVINCIAS_UNIDAS_UNION_POPULAR_MOVIMIENTO_DE_ACCION_VECINAL_MOVIMIENTO_POR_LA_DIGNIDAD_Y_LA_INDEPENDENCIA,El Movimiento de las Provincias Unidas - Unión Popular - Movimiento de Acción Vecinal - Movimiento por la Dignidad y la Independencia,SOBISCH - ASÍS,16483,CONTROL_resultados_2007_presidente_y_vicepresidente_SANTA_FE
2007-GENERAL,PROVINCIA,Santa Fe,POSITIVO,MOVIMIENTO_SOCIALISTA_DE_LOS_TRABAJADORES,Movimiento Socialista de los Trabajadores,RIPOLL - BIDONDE,8784,CONTROL_resultados_2007_presidente_y_vicepresidente_SANTA_FE
2007-GENERAL,PROVINCIA,Santa Fe,POSITIVO,OBRERO,Obrero,PITROLA - ARROYOS,7807,CONTROL_resultados_2007_presidente_y_vicepresidente_SANTA_FE
2007-GENERAL,PROVINCIA,Santa Fe,POSITIVO,ALIANZA_FRENTE_AMPLIO_HACIA_LA_UNIDAD_LATINOAMERICANA,Alianza Frente Amplio hacia la Unidad Latinoamericana,AMMANN - DELEONARDI,5789,CONTROL_resultados_2007_presidente_y_vicepresidente_SANTA_FE
2007-GENERAL,PROVINCIA,Santa Fe,POSITIVO,ALIANZA_FRENTE_DE_LOS_TRABAJADORES_SOCIALISTAS_MOVIMIENTO_AL_SOCIALISMO_IZQUIERDA_SOCIALISTA,Alianza Frente de los Trabajadores Socialistas - Movimiento al Socialismo - Izquierda Socialista,MONTES - HEBERLING,4896,CONTROL_resultados_2007_presidente_y_vicepresidente_SANTA_FE
2007-GENERAL,PROVINCIA,Santa Fe,POSITIVO,MOVIMIENTO_INDEPENDIENTE_DE_JUBILADOS_Y_DESOCUPADOS,Movimiento Independiente de Jubilados y Desocupados,CASTELLS - PELOZO,4194,CONTROL_resultados_2007_presidente_y_vicepresidente_SANTA_FE
2007-GENERAL,PROVINCIA,Santa Fe,POSITIVO,POPULAR_DE_LA_RECONSTRUCCION,Popular de la Reconstrucción,BREIDE OBEID - VERGARA,2340,CONTROL_resultados_2007_presidente_y_vicepresidente_SANTA_FE
2007-GENERAL,PROVINCIA,Santa Fe,POSITIVO,CONFEDERACION_LEALTAD_POPULAR,Confederación Lealtad Popular,MUSSA - NESPRAL,100,CONTROL_resultados_2007_presidente_y_vicepresidente_SANTA_FE
2007-GENERAL,PROVINCIA,Santa Fe,BLANCO,,,,71053,CONTROL_resultados_2007_presidente_y_vicepresidente_SANTA_FE
2007-GENERAL,PROVINCIA,Santa Fe,NULO,,,,13826,CONTROL_resultados_2007_presidente_y_vicepresidente_SANTA_FE
2011-PASO,PAIS,Total pais,POSITIVO,ALIANZA_FRENTE_PARA_LA_VICTORIA,Alianza Frente para la Victoria,FERNÁNDEZ DE KIRCHNER - BOUDOU,10762217,CONTROL_resultados_2011_eleccion_paso_presidente_y_vicepresidente_NACIONALES
2011-PASO,PAIS,Total pais,POSITIVO,ALIANZA_UNION_PARA_EL_DESARROLLO_SOCIAL,Alianza Unión para el Desarrollo Social,ALFONSÍN - GONZÁLEZ FRAGA,2614211,CONTROL_resultados_2011_eleccion_paso_presidente_y_vicepresidente_NACIONALES
2011-PASO,PAIS,Total pais,POSITIVO,ALIANZA_FRENTE_POPULAR,Alianza Frente Popular,DUHALDE - DAS NEVES,2595996,CONTROL_resultados_2011_eleccion_paso_presidente_y_vicepresidente_NACIONALES
2011-PASO,PAIS,Total pais,POSITIVO,ALIANZA_FRENTE_AMPLIO_PROGRESISTA,Alianza Frente Amplio Progresista,BINNER - MORANDINI,2180110,CONTROL_resultados_2011_eleccion_paso_presidente_y_vicepresidente_NACIONALES
2011-PASO,PAIS,Total pais,POSITIVO,ALIANZA_COMPROMISO_FEDERAL,Alianza Compromiso Federal,RODRÍGUEZ SAÁ - VERNET,1749971,CONTROL_resultados_2011_eleccion_paso_presidente_y_vicepresidente_NACIONALES
2011-PASO,PAIS,Total pais,POSITIVO,COALICION_CIVICA_AFIRMACION_PARA_UNA_REPUBLICA_IGUALITARIA,Coalición Cívica - Afirmación para una República Igualitaria,CARRIÓ - PÉREZ,689033,CONTROL_resultados_2011_eleccion_paso_presidente_y_vicepresidente_NACIONALES
2011-PASO,PAIS,Total pais,POSITIVO,ALIANZA_FRENTE_DE_IZQUIERDA_Y_DE_LOS_TRABAJADORES,Alianza Frente de Izquierda y de los Trabajadores,ALTAMIRA- CASTILLO,527237,CONTROL_resultados_2011_eleccion_paso_presidente_y_vicepresidente_NACIONALES
2011-PASO,PAIS,Total pais,POSITIVO,ALIANZA_PROYECTO_SUR,Alianza Proyecto Sur,ARGUMEDO - CARDELLI,190094,CONTROL_resultados_2011_eleccion_paso_presidente_y_vicepresidente_NACIONALES
2011-PASO,PAIS,Total pais,POSITIVO,MOVIMIENTO_DE_ACCION_VECINAL,Movimiento de Acción Vecinal,PASTORE - RODRÍGUEZ,65031,CONTROL_resultados_2011_eleccion_paso_presidente_y_vicepresidente_NACIONALES
2011-PASO,PAIS,Total pais,POSITIVO,DEL_CAMPO_POPULAR,Del Campo Popular,BONACCI - VILLENA,48774,CONTROL_resultados_2011_eleccion_paso_presidente_y_vicepresidente_NACIONALES
2011-PASO,PAIS,Total pais,BLANCO,,,,1007753,CONTROL_resultados_2011_eleccion_paso_presidente_y_vicepresidente_NACIONALES
2011-PASO,PAIS,Total pais,NULO,,,,274951,CONTROL_resultados_2011_eleccion_paso_presidente_y_vicepresidente_NACIONALES
2011-PASO,PROVINCIA,Santa Fe,POSITIVO,ALIANZA_FRENTE_PARA_LA_VICTORIA,Alianza Frente para la Victoria,FERNÁNDEZ DE KIRCHNER - BOUDOU,676812,CONTROL_resultados_2011_eleccion_paso_presidente_y_vicepresidente_SANTA_FE
2011-PASO,PROVINCIA,Santa Fe,POSITIVO,ALIANZA_FRENTE_AMPLIO_PROGRESISTA,Alianza Frente Amplio Progresista,BINNER - MORANDINI,585682,CONTROL_resultados_2011_eleccion_paso_presidente_y_vicepresidente_SANTA_FE
2011-PASO,PROVINCIA,Santa Fe,POSITIVO,ALIANZA_FRENTE_POPULAR,Alianza Frente Popular,DUHALDE - DAS NEVES,207293,CONTROL_resultados_2011_eleccion_paso_presidente_y_vicepresidente_SANTA_FE
2011-PASO,PROVINCIA,Santa Fe,POSITIVO,ALIANZA_UNION_PARA_EL_DESARROLLO_SOCIAL,Alianza Unión para el Desarrollo Social,ALFONSÍN - GONZÁLEZ FRAGA,116807,CONTROL_resultados_2011_eleccion_paso_presidente_y_vicepresidente_SANTA_FE
2011-PASO,PROVINCIA,Santa Fe,POSITIVO,ALIANZA_COMPROMISO_FEDERAL,Alianza Compromiso Federal,RODRÍGUEZ SAÁ - VERNET,97738,CONTROL_resultados_2011_eleccion_paso_presidente_y_vicepresidente_SANTA_FE
2011-PASO,PROVINCIA,Santa Fe,POSITIVO,COALICION_CIVICA_AFIRMACION_PARA_UNA_REPUBLICA_IGUALITARIA,Coalición Cívica - Afirmación para una República Igualitaria,CARRIÓ - PÉREZ,59151,CONTROL_resultados_2011_eleccion_paso_presidente_y_vicepresidente_SANTA_FE
2011-PASO,PROVINCIA,Santa Fe,POSITIVO,ALIANZA_FRENTE_DE_IZQUIERDA_Y_DE_LOS_TRABAJADORES,Alianza Frente de Izquierda y de los Trabajadores,ALTAMIRA- CASTILLO,23983,CONTROL_resultados_2011_eleccion_paso_presidente_y_vicepresidente_SANTA_FE
2011-PASO,PROVINCIA,Santa Fe,POSITIVO,ALIANZA_PROYECTO_SUR,Alianza Proyecto Sur,ARGUMEDO - CARDELLI,12573,CONTROL_resultados_2011_eleccion_paso_presidente_y_vicepresidente_SANTA_FE
2011-PASO,PROVINCIA,Santa Fe,POSITIVO,DEL_CAMPO_POPULAR,Del Campo Popular,BONACCI - VILLENA,3636,CONTROL_resultados_2011_eleccion_paso_presidente_y_vicepresidente_SANTA_FE
2011-PASO,PROVINCIA,Santa Fe,POSITIVO,MOVIMIENTO_DE_ACCION_VECINAL,Movimiento de Acción Vecinal,PASTORE - RODRÍGUEZ,1867,CONTROL_resultados_2011_eleccion_paso_presidente_y_vicepresidente_SANTA_FE
2011-PASO,PROVINCIA,Santa Fe,BLANCO,,,,31694,CONTROL_resultados_2011_eleccion_paso_presidente_y_vicepresidente_SANTA_FE
2011-PASO,PROVINCIA,Santa Fe,NULO,,,,27035,CONTROL_resultados_2011_eleccion_paso_presidente_y_vicepresidente_SANTA_FE
2011-GENERAL,PAIS,Total pais,POSITIVO,ALIANZA_FRENTE_PARA_LA_VICTORIA,Alianza Frente para la Victoria,FERNÁNDEZ DE KIRCHNER - BOUDOU,11865055,CONTROL_resultados_2011_generales_presidente_y_vicepresidente_NACIONALES
2011-GENERAL,PAIS,Total pais,POSITIVO,ALIANZA_FRENTE_AMPLIO_PROGRESISTA,Alianza Frente Amplio Progresista,BINNER - MORANDINI,3684970,CONTROL_resultados_2011_generales_presidente_y_vicepresidente_NACIONALES
2011-GENERAL,PAIS,Total pais,POSITIVO,ALIANZA_UNION_PARA_EL_DESARROLLO_SOCIAL,Alianza Unión para el Desarrollo Social,ALFONSÍN - GONZÁLEZ FRAGA,2443016,CONTROL_resultados_2011_generales_presidente_y_vicepresidente_NACIONALES
2011-GENERAL,PAIS,Total pais,POSITIVO,ALIANZA_COMPROMISO_FEDERAL,Alianza Compromiso Federal,RODRÍGUEZ SAÁ - VERNET,1745354,CONTROL_resultados_2011_generales_presidente_y_vicepresidente_NACIONALES
2011-GENERAL,PAIS,Total pais,POSITIVO,ALIANZA_FRENTE_POPULAR,Alianza Frente Popular,DUHALDE - DAS NEVES,1285830,CONTROL_resultados_2011_generales_presidente_y_vicepresidente_NACIONALES
2011-GENERAL,PAIS,Total pais,POSITIVO,ALIANZA_FRENTE_DE_IZQUIERDA_Y_DE_LOS_TRABAJADORES,Alianza Frente de Izquierda y de los Trabajadores,ALTAMIRA- CASTILLO,503372,CONTROL_resultados_2011_generales_presidente_y_vicepresidente_NACIONALES
2011-GENERAL,PAIS,Total pais,POSITIVO,COALICION_CIVICA_AFIRMACION_PARA_UNA_REPUBLICA_IGUALITARIA,Coalición Cívica - Afirmación para una República Igualitaria,CARRIÓ - PÉREZ,399685,CONTROL_resultados_2011_generales_presidente_y_vicepresidente_NACIONALES
2011-GENERAL,PAIS,Total pais,BLANCO,,,,803362,CONTROL_resultados_2011_generales_presidente_y_vicepresidente_NACIONALES
2011-GENERAL,PAIS,Total pais,NULO,,,,225741,CONTROL_resultados_2011_generales_presidente_y_vicepresidente_NACIONALES
2011-GENERAL,PROVINCIA,Santa Fe,POSITIVO,ALIANZA_FRENTE_PARA_LA_VICTORIA,Alianza Frente para la Victoria,FERNÁNDEZ DE KIRCHNER - BOUDOU,758721,CONTROL_resultados_2011_generales_presidente_y_vicepresidente_SANTA_FE
2011-GENERAL,PROVINCIA,Santa Fe,POSITIVO,ALIANZA_FRENTE_AMPLIO_PROGRESISTA,Alianza Frente Amplio Progresista,BINNER - MORANDINI,707088,CONTROL_resultados_2011_generales_presidente_y_vicepresidente_SANTA_FE
2011-GENERAL,PROVINCIA,Santa Fe,POSITIVO,ALIANZA_UNION_PARA_EL_DESARROLLO_SOCIAL,Alianza Unión para el Desarrollo Social,ALFONSÍN - GONZÁLEZ FRAGA,103221,CONTROL_resultados_2011_generales_presidente_y_vicepresidente_SANTA_FE
2011-GENERAL,PROVINCIA,Santa Fe,POSITIVO,ALIANZA_FRENTE_POPULAR,Alianza Frente Popular,DUHALDE - DAS NEVES,91233,CONTROL_resultados_2011_generales_presidente_y_vicepresidente_SANTA_FE
2011-GENERAL,PROVINCIA,Santa Fe,POSITIVO,ALIANZA_COMPROMISO_FEDERAL,Alianza Compromiso Federal,RODRÍGUEZ SAÁ - VERNET,86760,CONTROL_resultados_2011_generales_presidente_y_vicepresidente_SANTA_FE
2011-GENERAL,PROVINCIA,Santa Fe,POSITIVO,ALIANZA_FRENTE_DE_IZQUIERDA_Y_DE_LOS_TRABAJADORES,Alianza Frente de Izquierda y de los Trabajadores,ALTAMIRA - CASTILLO,31107,CONTROL_resultados_2011_generales_presidente_y_vicepresidente_SANTA_FE
2011-GENERAL,PROVINCIA,Santa Fe,POSITIVO,COALICION_CIVICA_AFIRMACION_PARA_UNA_REPUBLICA_IGUALITARIA,Coalición Cívica - Afirmación para una República Igualitaria,CARRIÓ - PÉREZ,30218,CONTROL_resultados_2011_generales_presidente_y_vicepresidente_SANTA_FE
2011-GENERAL,PROVINCIA,Santa Fe,BLANCO,,,,26526,CONTROL_resultados_2011_generales_presidente_y_vicepresidente_SANTA_FE
2011-GENERAL,PROVINCIA,Santa Fe,NULO,,,,19333,CONTROL_resultados_2011_generales_presidente_y_vicepresidente_SANTA_FE
2015-PASO,PAIS,Total pais,POSITIVO,ALIANZA_FRENTE_PARA_LA_VICTORIA,ALIANZA FRENTE PARA LA VICTORIA,,8720573,CONTROL_resultados_2015_elecciones_paso_presidente_y_vicepresidente_NACIONAL
2015-PASO,PAIS,Total pais,POSITIVO,ALIANZA_CAMBIEMOS,ALIANZA CAMBIEMOS,,6791278,CONTROL_resultados_2015_elecciones_paso_presidente_y_vicepresidente_NACIONAL
2015-PASO,PAIS,Total pais,POSITIVO,ALIANZA_UNIDOS_POR_UNA_NUEVA_ALTERNATIVA_UNA,ALIANZA UNIDOS POR UNA NUEVA ALTERNATIVA (UNA),,4639405,CONTROL_resultados_2015_elecciones_paso_presidente_y_vicepresidente_NACIONAL
2015-PASO,PAIS,Total pais,POSITIVO,ALIANZA_PROGRESISTAS,ALIANZA PROGRESISTAS,,781472,CONTROL_resultados_2015_elecciones_paso_presidente_y_vicepresidente_NACIONAL
2015-PASO,PAIS,Total pais,POSITIVO,ALIANZA_FRENTE_DE_IZQUIERDA_Y_DE_LOS_TRABAJADORES,ALIANZA FRENTE DE IZQUIERDA Y DE LOS TRABAJADORES,,732851,CONTROL_resultados_2015_elecciones_paso_presidente_y_vicepresidente_NACIONAL
2015-PASO,PAIS,Total pais,POSITIVO,ALIANZA_COMPROMISO_FEDERAL,ALIANZA COMPROMISO FEDERAL,,472341,CONTROL_resultados_2015_elecciones_paso_presidente_y_vicepresidente_NACIONAL
2015-PASO,PAIS,Total pais,POSITIVO,ALIANZA_FRENTE_POPULAR,ALIANZA FRENTE POPULAR,,106324,CONTROL_resultados_2015_elecciones_paso_presidente_y_vicepresidente_NACIONAL
2015-PASO,PAIS,Total pais,POSITIVO,MOVIMIENTO_AL_SOCIALISMO,MOVIMIENTO AL SOCIALISMO,,103742,CONTROL_resultados_2015_elecciones_paso_presidente_y_vicepresidente_NACIONAL
2015-PASO,PAIS,Total pais,POSITIVO,MST_NUEVA_IZQUIERDA,MST - NUEVA IZQUIERDA,,95780,CONTROL_resultados_2015_elecciones_paso_presidente_y_vicepresidente_NACIONAL
2015-PASO,PAIS,Total pais,POSITIVO,PARTIDO_POPULAR,PARTIDO POPULAR,,67798,CONTROL_resultados_2015_elecciones_paso_presidente_y_vicepresidente_NACIONAL
2015-PASO,PAIS,Total pais,POSITIVO,MOVIMIENTO_DE_ACCION_VECINAL,MOVIMIENTO DE ACCIÓN VECINAL,,39512,CONTROL_resultados_2015_elecciones_paso_presidente_y_vicepresidente_NACIONAL
2015-PASO,PAIS,Total pais,BLANCO,,,,1216634,CONTROL_resultados_2015_elecciones_paso_presidente_y_vicepresidente_NACIONAL
2015-PASO,PAIS,Total pais,NULO,,,,254106,CONTROL_resultados_2015_elecciones_paso_presidente_y_vicepresidente_NACIONAL
2015-PASO,PROVINCIA,Santa Fe,POSITIVO,ALIANZA_FRENTE_PARA_LA_VICTORIA,ALIANZA FRENTE PARA LA VICTORIA,,550970,CONTROL_resultados_2015_elecciones_paso_presidente_y_vicepresidente_SANTA_FE
2015-PASO,PROVINCIA,Santa Fe,POSITIVO,ALIANZA_CAMBIEMOS,ALIANZA CAMBIEMOS,,533398,CONTROL_resultados_2015_elecciones_paso_presidente_y_vicepresidente_SANTA_FE
2015-PASO,PROVINCIA,Santa Fe,POSITIVO,ALIANZA_UNIDOS_POR_UNA_NUEVA_ALTERNATIVA_UNA,ALIANZA UNIDOS POR UNA NUEVA ALTERNATIVA (UNA),,368693,CONTROL_resultados_2015_elecciones_paso_presidente_y_vicepresidente_SANTA_FE
2015-PASO,PROVINCIA,Santa Fe,POSITIVO,ALIANZA_PROGRESISTAS,ALIANZA PROGRESISTAS,,102997,CONTROL_resultados_2015_elecciones_paso_presidente_y_vicepresidente_SANTA_FE
2015-PASO,PROVINCIA,Santa Fe,POSITIVO,ALIANZA_FRENTE_DE_IZQUIERDA_Y_DE_LOS_TRABAJADORES,ALIANZA FRENTE DE IZQUIERDA Y DE LOS TRABAJADORES,,37121,CONTROL_resultados_2015_elecciones_paso_presidente_y_vicepresidente_SANTA_FE
2015-PASO,PROVINCIA,Santa Fe,POSITIVO,ALIANZA_COMPROMISO_FEDERAL,ALIANZA COMPROMISO FEDERAL,,47438,CONTROL_resultados_2015_elecciones_paso_presidente_y_vicepresidente_SANTA_FE
2015-PASO,PROVINCIA,Santa Fe,POSITIVO,ALIANZA_FRENTE_POPULAR,ALIANZA FRENTE POPULAR,,8257,CONTROL_resultados_2015_elecciones_paso_presidente_y_vicepresidente_SANTA_FE
2015-PASO,PROVINCIA,Santa Fe,POSITIVO,MOVIMIENTO_AL_SOCIALISMO,MOVIMIENTO AL SOCIALISMO,,6324,CONTROL_resultados_2015_elecciones_paso_presidente_y_vicepresidente_SANTA_FE
2015-PASO,PROVINCIA,Santa Fe,POSITIVO,MST_NUEVA_IZQUIERDA,MST - NUEVA IZQUIERDA,,6220,CONTROL_resultados_2015_elecciones_paso_presidente_y_vicepresidente_SANTA_FE
2015-PASO,PROVINCIA,Santa Fe,POSITIVO,PARTIDO_POPULAR,PARTIDO POPULAR,,4468,CONTROL_resultados_2015_elecciones_paso_presidente_y_vicepresidente_SANTA_FE
2015-PASO,PROVINCIA,Santa Fe,POSITIVO,MOVIMIENTO_DE_ACCION_VECINAL,MOVIMIENTO DE ACCIÓN VECINAL,,2364,CONTROL_resultados_2015_elecciones_paso_presidente_y_vicepresidente_SANTA_FE
2015-PASO,PROVINCIA,Santa Fe,BLANCO,,,,98878,CONTROL_resultados_2015_elecciones_paso_presidente_y_vicepresidente_SANTA_FE
2015-PASO,PROVINCIA,Santa Fe,NULO,,,,38235,CONTROL_resultados_2015_elecciones_paso_presidente_y_vicepresidente_SANTA_FE
2015-GENERAL,PAIS,Total pais,POSITIVO,ALIANZA_FRENTE_PARA_LA_VICTORIA,ALIANZA FRENTE PARA LA VICTORIA,,9338490,CONTROL_resultados_2015_nacionales_presidente_y_vicepresidente_NACIONAL
2015-GENERAL,PAIS,Total pais,POSITIVO,ALIANZA_CAMBIEMOS,ALIANZA CAMBIEMOS,,8601131,CONTROL_resultados_2015_nacionales_presidente_y_vicepresidente_NACIONAL
2015-GENERAL,PAIS,Total pais,POSITIVO,ALIANZA_UNIDOS_POR_UNA_NUEVA_ALTERNATIVA_UNA,ALIANZA UNIDOS POR UNA NUEVA ALTERNATIVA (UNA),,5386977,CONTROL_resultados_2015_nacionales_presidente_y_vicepresidente_NACIONAL
2015-GENERAL,PAIS,Total pais,POSITIVO,ALIANZA_FRENTE_DE_IZQUIERDA_Y_DE_LOS_TRABAJADORES,ALIANZA FRENTE DE IZQUIERDA Y DE LOS TRABAJADORES,,812530,CONTROL_resultados_2015_nacionales_presidente_y_vicepresidente_NACIONAL
2015-GENERAL,PAIS,Total pais,POSITIVO,ALIANZA_PROGRESISTAS,ALIANZA PROGRESISTAS,,632551,CONTROL_resultados_2015_nacionales_presidente_y_vicepresidente_NACIONAL
2015-GENERAL,PAIS,Total pais,POSITIVO,ALIANZA_COMPROMISO_FEDERAL,ALIANZA COMPROMISO FEDERAL,,412578,CONTROL_resultados_2015_nacionales_presidente_y_vicepresidente_NACIONAL
2015-GENERAL,PAIS,Total pais,BLANCO,,,,664740,CONTROL_resultados_2015_nacionales_presidente_y_vicepresidente_NACIONAL
2015-GENERAL,PAIS,Total pais,NULO,,,,199449,CONTROL_resultados_2015_nacionales_presidente_y_vicepresidente_NACIONAL
2015-GENERAL,PROVINCIA,Santa Fe,POSITIVO,ALIANZA_FRENTE_PARA_LA_VICTORIA,ALIANZA FRENTE PARA LA VICTORIA,,640924,CONTROL_resultados_2015_nacionales_presidente_y_vicepresidente_SANTA_FE
2015-GENERAL,PROVINCIA,Santa Fe,POSITIVO,ALIANZA_CAMBIEMOS,ALIANZA CAMBIEMOS,,712100,CONTROL_resultados_2015_nacionales_presidente_y_vicepresidente_SANTA_FE
2015-GENERAL,PROVINCIA,Santa Fe,POSITIVO,ALIANZA_UNIDOS_POR_UNA_NUEVA_ALTERNATIVA_UNA,ALIANZA UNIDOS POR UNA NUEVA ALTERNATIVA (UNA),,500897,CONTROL_resultados_2015_nacionales_presidente_y_vicepresidente_SANTA_FE
2015-GENERAL,PROVINCIA,Santa Fe,POSITIVO,ALIANZA_FRENTE_DE_IZQUIERDA_Y_DE_LOS_TRABAJADORES,ALIANZA FRENTE DE IZQUIERDA Y DE LOS TRABAJADORES,,53801,CONTROL_resultados_2015_nacionales_presidente_y_vicepresidente_SANTA_FE
2015-GENERAL,PROVINCIA,Santa Fe,POSITIVO,ALIANZA_PROGRESISTAS,ALIANZA PROGRESISTAS,,79721,CONTROL_resultados_2015_nacionales_presidente_y_vicepresidente_SANTA_FE
2015-GENERAL,PROVINCIA,Santa Fe,POSITIVO,ALIANZA_COMPROMISO_FEDERAL,ALIANZA COMPROMISO FEDERAL,,30168,CONTROL_resultados_2015_nacionales_presidente_y_vicepresidente_SANTA_FE
2015-GENERAL,PROVINCIA,Santa Fe,BLANCO,,,,53433,CONTROL_resultados_2015_nacionales_presidente_y_vicepresidente_SANTA_FE
2015-GENERAL,PROVINCIA,Santa Fe,NULO,,,,23177,CONTROL_resultados_2015_nacionales_presidente_y_vicepresidente_SANTA_FE
2015-BALLOTAGE,PAIS,Total pais,POSITIVO,ALIANZA_CAMBIEMOS,ALIANZA CAMBIEMOS,,12988349,CONTROL_resultados_2015_segunda_vuelta_presidente_y_vicepresidente_NACIONAL
2015-BALLOTAGE,PAIS,Total pais,POSITIVO,ALIANZA_FRENTE_PARA_LA_VICTORIA,ALIANZA FRENTE PARA LA VICTORIA,,12309575,CONTROL_resultados_2015_segunda_vuelta_presidente_y_vicepresidente_NACIONAL
2015-BALLOTAGE,PAIS,Total pais,BLANCO,,,,306471,CONTROL_resultados_2015_segunda_vuelta_presidente_y_vicepresidente_NACIONAL
2015-BALLOTAGE,PAIS,Total pais,NULO,,,,330848,CONTROL_resultados_2015_segunda_vuelta_presidente_y_vicepresidente_NACIONAL
2015-BALLOTAGE,PROVINCIA,Santa Fe,POSITIVO,ALIANZA_CAMBIEMOS,ALIANZA CAMBIEMOS,,1141121,CONTROL_resultados_2015_segunda_vuelta_presidente_y_vicepresidente_SANTA_FE
2015-BALLOTAGE,PROVINCIA,Santa Fe,POSITIVO,ALIANZA_FRENTE_PARA_LA_VICTORIA,ALIANZA FRENTE PARA LA VICTORIA,,906826,CONTROL_resultados_2015_segunda_vuelta_presidente_y_vicepresidente_SANTA_FE
2015-BALLOTAGE,PROVINCIA,Santa Fe,BLANCO,,,,30219,CONTROL_resultados_2015_segunda_vuelta_presidente_y_vicepresidente_SANTA_FE
2015-BALLOTAGE,PROVINCIA,Santa Fe,NULO,,,,34426,CONTROL_resultados_2015_segunda_vuelta_presidente_y_vicepresidente_SANTA_FE
