anio,instancia,alianza,partido_integrante
2003,GENERAL,ALIANZA MOVIMIENTO FEDERAL PARA RECREAR EL CRECIMIENTO,Confederación Movimiento Federal
2003,GENERAL,ALIANZA MOVIMIENTO FEDERAL PARA RECREAR EL CRECIMIENTO,Recrear para el Crecimiento
2003,GENERAL,ALIANZA FRENTE POR LA LEALTAD,Conservador Popular
2003,GENERAL,ALIANZA FRENTE POR LA LEALTAD,Cambio con Justicia Social
2003,GENERAL,ALIANZA FRENTE POR LA LEALTAD,Justicialista
2003,GENERAL,ALIANZA FRENTE POR LA LEALTAD,Por un Nuevo Jujuy
2003,GENERAL,ALIANZA FRENTE POR LA LEALTAD,Demócrata Conservador
2003,GENERAL,ALIANZA FRENTE POR LA LEALTAD,Movimiento Popular Unido
2003,GENERAL,ALIANZA FRENTE POR LA LEALTAD,Movimiento Popular Cordobés
2003,GENERAL,ALIANZA FRENTE POR LA LEALTAD,Todos por los Jubilados
2003,GENERAL,ALIANZA FRENTE POR LA LEALTAD,Movimiento de Acción Vecinal
2003,GENERAL,ALIANZA FRENTE POR LA LEALTAD,Opción Federal
2003,GENERAL,ALIANZA FRENTE POR LA LEALTAD,Encuentro Popular
2003,GENERAL,ALIANZA FRENTE POR LA LEALTAD,Reconquista
2003,GENERAL,ALIANZA FRENTE POR LA LEALTAD,De la Generación Intermedia
2003,GENERAL,ALIANZA FRENTE POR LA LEALTAD,Frente de los Jubilados
2003,GENERAL,ALIANZA FRENTE POR LA LEALTAD,Movimiento por la Justicia Social
2003,GENERAL,ALIANZA AFIRMACIÓN PARA UNA REPÚBLICA IGUALITARIA,Afirmación para una República de Iguales
2003,GENERAL,ALIANZA AFIRMACIÓN PARA UNA REPÚBLICA IGUALITARIA,Intransigente
2003,GENERAL,ALIANZA FRENTE PARA LA VICTORIA,Acción para el Cambio
2003,GENERAL,ALIANZA FRENTE PARA LA VICTORIA,Acción Popular
2003,GENERAL,ALIANZA FRENTE PARA LA VICTORIA,De la Victoria
2003,GENERAL,ALIANZA FRENTE PARA LA VICTORIA,Frente de Integración Social para un Cambio en Libertad
2003,GENERAL,ALIANZA FRENTE PARA LA VICTORIA,"Gobierno, Estado, Sociedad, Todos Ahora"
2003,GENERAL,ALIANZA FRENTE PARA LA VICTORIA,Justicialista
2003,GENERAL,ALIANZA FRENTE PARA LA VICTORIA,Memoria Y Movilización Social (Buenos Aires)
2003,GENERAL,ALIANZA FRENTE PARA LA VICTORIA,Memoria Y Movilización Social (CABA)
2003,GENERAL,ALIANZA FRENTE PARA LA VICTORIA,Movimiento de Renovación Cívica
2003,GENERAL,ALIANZA FRENTE PARA LA VICTORIA,Nacionalista Constitucional - Unir
2003,GENERAL,ALIANZA FRENTE PARA LA VICTORIA,Nueva Dirigencia (CABA)
2003,GENERAL,ALIANZA FRENTE PARA LA VICTORIA,Nueva Dirigencia (Jujuy)
2003,GENERAL,ALIANZA FRENTE PARA LA VICTORIA,Política Abierta para la Integridad Social
2003,GENERAL,ALIANZA FRENTE PARA LA VICTORIA,Popular
2003,GENERAL,ALIANZA FRENTE PARA LA VICTORIA,Progreso Social
2003,GENERAL,ALIANZA FRENTE PARA LA VICTORIA,Santiago Viable
2003,GENERAL,ALIANZA FRENTE PARA LA VICTORIA,Unión Popular
2003,GENERAL,ALIANZA IZQUIERDA UNIDA,Movimiento Socialista de los Trabajadores
2003,GENERAL,ALIANZA IZQUIERDA UNIDA,Comunista
2003,GENERAL,ALIANZA TIEMPOS DE CAMBIO,Autonomista
2003,GENERAL,ALIANZA TIEMPOS DE CAMBIO,Unión Popular
2003,GENERAL,ALIANZA UNIDOS O DOMINADOS,Movimiento por la Dignidad y la Independencia
2003,GENERAL,ALIANZA UNIDOS O DOMINADOS,Unión Popular
2003,GENERAL,ALIANZA FRENTE MOVIMIENTO POPULAR,Confederación Laborista
2003,GENERAL,ALIANZA FRENTE MOVIMIENTO POPULAR,Justicialista
2003,GENERAL,ALIANZA FRENTE MOVIMIENTO POPULAR,Unión Popular
2003,GENERAL,ALIANZA FRENTE MOVIMIENTO POPULAR,Unión y Libertad (Buenos Aires)
2003,GENERAL,ALIANZA FRENTE MOVIMIENTO POPULAR,Unión y Libertad (San Luis)
2007,GENERAL,ALIANZA CONCERTACIÓN PARA UNA NACIÓN AVANZADA,Confederación Concertación para una Sociedad Justa
2007,GENERAL,ALIANZA CONCERTACIÓN PARA UNA NACIÓN AVANZADA,Movimiento de Integración y Desarrollo
2007,GENERAL,ALIANZA CONCERTACIÓN PARA UNA NACIÓN AVANZADA,Unión Cívica Radical
2007,GENERAL,ALIANZA FRENTE AMPLIO HACIA LA UNIDAD LATINOAMERICANA,Comunista
2007,GENERAL,ALIANZA FRENTE AMPLIO HACIA LA UNIDAD LATINOAMERICANA,Humanista
2007,GENERAL,"ALIANZA FRENTE JUSTICIA, UNIÓN Y LIBERTAD",Unión del Centro Democrático
2007,GENERAL,"ALIANZA FRENTE JUSTICIA, UNIÓN Y LIBERTAD",Unión y Libertad
2007,GENERAL,ALIANZA FRENTE PARA LA VICTORIA,Confederación Frente Cívico para la Concertación Plural
2007,GENERAL,ALIANZA FRENTE PARA LA VICTORIA,Conservador Popular
2007,GENERAL,ALIANZA FRENTE PARA LA VICTORIA,De la Victoria
2007,GENERAL,ALIANZA FRENTE PARA LA VICTORIA,Frente Grande
2007,GENERAL,ALIANZA FRENTE PARA LA VICTORIA,Intransigente
2007,GENERAL,ALIANZA FRENTE PARA LA VICTORIA,Justicialista
2007,GENERAL,ALIANZA FRENTE PARA LA VICTORIA,Movimiento Libres del Sur
2007,GENERAL,ALIANZA FRENTE DE LOS TRABAJADORES SOCIALISTAS,Movimiento al Socialismo - Izquierda Socialista
2007,GENERAL,ALIANZA FRENTE DE LOS TRABAJADORES SOCIALISTAS,De los Trabajadores Socialistas
2007,GENERAL,ALIANZA FRENTE DE LOS TRABAJADORES SOCIALISTAS,Movimiento al Socialismo
2007,GENERAL,ALIANZA CONFEDERACIÓN COALICIÓN CÍVICA,Afirmación para una República Igualitaria (Orden Nacional)
2007,GENERAL,ALIANZA CONFEDERACIÓN COALICIÓN CÍVICA,Cambio Jujeño (Jujuy)
2007,GENERAL,ALIANZA CONFEDERACIÓN COALICIÓN CÍVICA,Coalición Cívica (Mendoza)
2007,GENERAL,ALIANZA CONFEDERACIÓN COALICIÓN CÍVICA,Encuentro Cívico por la Igualdad y la Justicia (CABA - Corrientes)
2007,GENERAL,ALIANZA CONFEDERACIÓN COALICIÓN CÍVICA,Movimiento Afirmación Republicana (San Luis)
2007,GENERAL,ALIANZA CONFEDERACIÓN COALICIÓN CÍVICA,Movimiento Vecinalista Provincial (Buenos Aires)
2007,GENERAL,ALIANZA CONFEDERACIÓN COALICIÓN CÍVICA,Socialista (Orden Nacional)
2011,PASO,ALIANZA FRENTE PARA LA VICTORIA,Encuentro por la Democracia y la Equidad (Buenos Aires)
2011,PASO,ALIANZA FRENTE PARA LA VICTORIA,Kolina (Orden Nacional)
2011,PASO,ALIANZA FRENTE PARA LA VICTORIA,Movimiento Justicia y Libertad (Santiago del Estero)
2011,PASO,ALIANZA FRENTE PARA LA VICTORIA,Comunista (Orden Nacional)
2011,PASO,ALIANZA FRENTE PARA LA VICTORIA,Conservador Popular (Orden Nacional)
2011,PASO,ALIANZA FRENTE PARA LA VICTORIA,De la Victoria (Orden Nacional)
2011,PASO,ALIANZA FRENTE PARA LA VICTORIA,Frente Grande (Orden Nacional)
2011,PASO,ALIANZA FRENTE PARA LA VICTORIA,Humanista (Orden Nacional)
2011,PASO,ALIANZA FRENTE PARA LA VICTORIA,Intransigente (Orden Nacional)
2011,PASO,ALIANZA FRENTE PARA LA VICTORIA,Justicialista (Orden Nacional)
2011,PASO,ALIANZA FRENTE PARA LA VICTORIA,Solidario (Orden Nacional)
2011,PASO,ALIANZA FRENTE POPULAR,Acción Chaqueña (Chaco)
2011,PASO,ALIANZA FRENTE POPULAR,Acuerdo Republicano Federal (Formosa)
2011,PASO,ALIANZA FRENTE POPULAR,De la Corriente Renovadora (Santiago del Estero)
2011,PASO,ALIANZA FRENTE POPULAR,Fortaleza (Formosa)
2011,PASO,ALIANZA FRENTE POPULAR,Movimiento de Integración y Desarrollo (Orden Nacional)
2011,PASO,ALIANZA FRENTE POPULAR,Movimiento Independiente Renovador (Formosa)
2011,PASO,ALIANZA FRENTE POPULAR,Acción Nativa (Formosa)
2011,PASO,ALIANZA FRENTE POPULAR,Autonomista (Orden Nacional)
2011,PASO,ALIANZA FRENTE POPULAR,Cambio Popular Tucumano (Tucumán)
2011,PASO,ALIANZA FRENTE POPULAR,Demócrata Cristiano (Orden Nacional)
2011,PASO,ALIANZA FRENTE POPULAR,Independiente del Chubut (Chubut)
2011,PASO,ALIANZA FRENTE POPULAR,Popular de la Reconstrucción (Chaco - Entre Ríos)
2011,PASO,ALIANZA FRENTE POPULAR,Primero la Gente (Córdoba)
2011,PASO,ALIANZA FRENTE POPULAR,Proyecto Corrientes (Corrientes)
2011,PASO,ALIANZA FRENTE POPULAR,Unión por La Rioja (La Rioja)
2011,PASO,ALIANZA FRENTE POPULAR,Unión Popular (Orden Nacional - CABA)
2011,PASO,ALIANZA COMPROMISO FEDERAL,El Movimiento (CABA)
2011,PASO,ALIANZA COMPROMISO FEDERAL,Es Posible (Orden Nacional)
2011,PASO,ALIANZA COMPROMISO FEDERAL,Movimiento Federalista Pampeano (La Pampa)
2011,PASO,ALIANZA COMPROMISO FEDERAL,Movimiento Independiente Jubilados y Desocupados (Orden Nacional)
2011,PASO,ALIANZA COMPROMISO FEDERAL,Movimiento Independiente Justicia y Dignidad (Buenos Aires)
2011,PASO,ALIANZA COMPROMISO FEDERAL,Movimiento Nuevo País (Córdoba)
2011,PASO,ALIANZA COMPROMISO FEDERAL,Nacionalista Constitucional - Unir
2011,PASO,ALIANZA COMPROMISO FEDERAL,Unión y Libertad (San Luis)
2011,PASO,ALIANZA COMPROMISO FEDERAL,Política Abierta para la Integridad Social (Orden Nacional)
2011,PASO,ALIANZA COMPROMISO FEDERAL,Producción y Trabajo (San Juan)
2011,PASO,ALIANZA COMPROMISO FEDERAL,Unión del Centro Democrático (Orden Nacional)
2011,PASO,ALIANZA FRENTE AMPLIO PROGRESISTA,Gen (Orden Nacional)
2011,PASO,ALIANZA FRENTE AMPLIO PROGRESISTA,Socialista (Orden Nacional)
2011,PASO,ALIANZA FRENTE DE IZQUIERDA Y DE LOS TRABAJADORES,Frente de Unidad Trabajadora (Jujuy)
2011,PASO,ALIANZA FRENTE DE IZQUIERDA Y DE LOS TRABAJADORES,Izquierda del Trabajador por el Socialismo (Mendoza)
2011,PASO,ALIANZA FRENTE DE IZQUIERDA Y DE LOS TRABAJADORES,Izquierda por una Opción Socialista (Orden Nacional - Buenos Aires - CABA - Córdoba - La Rioja - Neuquén)
2011,PASO,ALIANZA FRENTE DE IZQUIERDA Y DE LOS TRABAJADORES,La Izquierda de los Trabajadores (Jujuy)
2011,PASO,ALIANZA FRENTE DE IZQUIERDA Y DE LOS TRABAJADORES,Cordobés del Obrero (Córdoba)
2011,PASO,ALIANZA FRENTE DE IZQUIERDA Y DE LOS TRABAJADORES,De los Trabajadores por el Socialismo (Orden Nacional - Buenos Aires - CABA - Córdoba - Santa Fe - Tucumán)
2011,PASO,ALIANZA FRENTE DE IZQUIERDA Y DE LOS TRABAJADORES,Del Obrero (CABA)
2011,PASO,ALIANZA FRENTE DE IZQUIERDA Y DE LOS TRABAJADORES,Del Tucumán Obrero (Tucumán)
2011,PASO,ALIANZA FRENTE DE IZQUIERDA Y DE LOS TRABAJADORES,Obrero (Orden Nacional)
2011,PASO,ALIANZA FRENTE DE IZQUIERDA Y DE LOS TRABAJADORES,Política Obrera (Buenos Aires)
2011,PASO,ALIANZA PROYECTO SUR,Movimiento Socialista de los Trabajadores (Orden Nacional)
2011,PASO,ALIANZA PROYECTO SUR,Nueva Izquierda (Orden Nacional)
2011,PASO,ALIANZA PROYECTO SUR,Socialista Auténtico (Orden Nacional)
2011,PASO,ALIANZA UNIÓN PARA EL DESARROLLO SOCIAL,Alianza Frente Cívico Federal - Mendoza - (Unión Cívica Radical - Unidad Popular Mendoza)
2011,PASO,ALIANZA UNIÓN PARA EL DESARROLLO SOCIAL,Alianza Unión para el Desarrollo Social - Jujuy
2011,PASO,ALIANZA UNIÓN PARA EL DESARROLLO SOCIAL,(Unión Cívica Radical - Libertad y Democracia Responsable)
2011,PASO,ALIANZA UNIÓN PARA EL DESARROLLO SOCIAL,Alianza Unión para el Desarrollo Social - CABA- (Unión Cívica Radical - Federal)
2011,PASO,ALIANZA UNIÓN PARA EL DESARROLLO SOCIAL,Alianza Unión para el Desarrollo Social - Chaco
2011,PASO,ALIANZA UNIÓN PARA EL DESARROLLO SOCIAL,(Unión Cívica Radical - Bases y Principios de Chaco)
2011,PASO,ALIANZA UNIÓN PARA EL DESARROLLO SOCIAL,Alianza Unión para el Desarrollo Social - Salta- (Unión Cívica Radical - Propuesta Salteña)
2011,PASO,ALIANZA UNIÓN PARA EL DESARROLLO SOCIAL,Federal (Orden Nacional)
2011,PASO,ALIANZA UNIÓN PARA EL DESARROLLO SOCIAL,Liberal (Corrientes)
2011,PASO,ALIANZA UNIÓN PARA EL DESARROLLO SOCIAL,Popular (Corrientes)
2011,PASO,ALIANZA UNIÓN PARA EL DESARROLLO SOCIAL,Provincial Rionegrino (Río Negro)
2011,PASO,ALIANZA UNIÓN PARA EL DESARROLLO SOCIAL,Unión Cívica Radical (Orden Nacional)
2011,GENERAL,ALIANZA FRENTE PARA LA VICTORIA,Encuentro por la Democracia y la Equidad (Buenos Aires)
2011,GENERAL,ALIANZA FRENTE PARA LA VICTORIA,Kolina (Orden Nacional)
2011,GENERAL,ALIANZA FRENTE PARA LA VICTORIA,Movimiento Justicia y Libertad (Santiago del Estero)
2011,GENERAL,ALIANZA FRENTE PARA LA VICTORIA,Comunista (Orden Nacional)
2011,GENERAL,ALIANZA FRENTE PARA LA VICTORIA,Conservador Popular (Orden Nacional)
2011,GENERAL,ALIANZA FRENTE PARA LA VICTORIA,De la Victoria (Orden Nacional)
2011,GENERAL,ALIANZA FRENTE PARA LA VICTORIA,Frente Grande (Orden Nacional)
2011,GENERAL,ALIANZA FRENTE PARA LA VICTORIA,Humanista (Orden Nacional)
2011,GENERAL,ALIANZA FRENTE PARA LA VICTORIA,Intransigente (Orden Nacional)
2011,GENERAL,ALIANZA FRENTE PARA LA VICTORIA,Justicialista (Orden Nacional)
2011,GENERAL,ALIANZA FRENTE PARA LA VICTORIA,Solidario (Orden Nacional)
2011,GENERAL,ALIANZA FRENTE POPULAR,Acción Chaqueña (Chaco)
2011,GENERAL,ALIANZA FRENTE POPULAR,Acuerdo Republicano Federal (Formosa)
2011,GENERAL,ALIANZA FRENTE POPULAR,De la Corriente Renovadora (Santiago del Estero)
2011,GENERAL,ALIANZA FRENTE POPULAR,Fortaleza (Formosa)
2011,GENERAL,ALIANZA FRENTE POPULAR,Movimiento de Integración y Desarrollo (Orden Nacional)
2011,GENERAL,ALIANZA FRENTE POPULAR,Movimiento Independiente Renovador (Formosa)
2011,GENERAL,ALIANZA FRENTE POPULAR,Acción Nativa (Formosa)
2011,GENERAL,ALIANZA FRENTE POPULAR,Autonomista (Orden Nacional)
2011,GENERAL,ALIANZA FRENTE POPULAR,Cambio Popular Tucumano (Tucumán)
2011,GENERAL,ALIANZA FRENTE POPULAR,Demócrata Cristiano (Orden Nacional)
2011,GENERAL,ALIANZA FRENTE POPULAR,Independiente del Chubut (Chubut)
2011,GENERAL,ALIANZA FRENTE POPULAR,Popular de la Reconstrucción (Chaco - Entre Ríos)
2011,GENERAL,ALIANZA FRENTE POPULAR,Primero la Gente (Córdoba)
2011,GENERAL,ALIANZA FRENTE POPULAR,Proyecto Corrientes (Corrientes)
2011,GENERAL,ALIANZA FRENTE POPULAR,Unión por La Rioja (La Rioja)
2011,GENERAL,ALIANZA FRENTE POPULAR,Unión Popular (Orden Nacional - CABA)
2011,GENERAL,ALIANZA COMPROMISO FEDERAL,El Movimiento (CABA)
2011,GENERAL,ALIANZA COMPROMISO FEDERAL,Es Posible (Orden Nacional)
2011,GENERAL,ALIANZA COMPROMISO FEDERAL,Movimiento Federalista Pampeano (La Pampa)
2011,GENERAL,ALIANZA COMPROMISO FEDERAL,Movimiento Independiente Jubilados y Desocupados (Orden Nacional)
2011,GENERAL,ALIANZA COMPROMISO FEDERAL,Movimiento Independiente Justicia y Dignidad (Buenos Aires)
2011,GENERAL,ALIANZA COMPROMISO FEDERAL,Movimiento Nuevo País (Córdoba)
2011,GENERAL,ALIANZA COMPROMISO FEDERAL,Nacionalista Constitucional - Unir
2011,GENERAL,ALIANZA COMPROMISO FEDERAL,Unión y Libertad (San Luis)
2011,GENERAL,ALIANZA COMPROMISO FEDERAL,Política Abierta para la Integridad Social (Orden Nacional)
2011,GENERAL,ALIANZA COMPROMISO FEDERAL,Producción y Trabajo (San Juan)
2011,GENERAL,ALIANZA COMPROMISO FEDERAL,Unión del Centro Democrático (Orden Nacional)
2011,GENERAL,ALIANZA FRENTE AMPLIO PROGRESISTA,Gen (Orden Nacional)
2011,GENERAL,ALIANZA FRENTE AMPLIO PROGRESISTA,Socialista (Orden Nacional)
2011,GENERAL,ALIANZA FRENTE DE IZQUIERDA Y DE LOS TRABAJADORES,Frente de Unidad Trabajadora (Jujuy)
2011,GENERAL,ALIANZA FRENTE DE IZQUIERDA Y DE LOS TRABAJADORES,Izquierda del Trabajador por el Socialismo (Mendoza)
2011,GENERAL,ALIANZA FRENTE DE IZQUIERDA Y DE LOS TRABAJADORES,Izquierda por una Opción Socialista (Orden Nacional - Buenos Aires - CABA - Córdoba - La Rioja - Neuquén)
2011,GENERAL,ALIANZA FRENTE DE IZQUIERDA Y DE LOS TRABAJADORES,La Izquierda de los Trabajadores (Jujuy)
2011,GENERAL,ALIANZA FRENTE DE IZQUIERDA Y DE LOS TRABAJADORES,Cordobés del Obrero (Córdoba)
2011,GENERAL,ALIANZA FRENTE DE IZQUIERDA Y DE LOS TRABAJADORES,De los Trabajadores por el Socialismo (Orden Nacional - Buenos Aires - CABA - Córdoba - Santa Fe - Tucumán)
2011,GENERAL,ALIANZA FRENTE DE IZQUIERDA Y DE LOS TRABAJADORES,Del Obrero (CABA)
2011,GENERAL,ALIANZA FRENTE DE IZQUIERDA Y DE LOS TRABAJADORES,Del Tucumán Obrero (Tucumán)
2011,GENERAL,ALIANZA FRENTE DE IZQUIERDA Y DE LOS TRABAJADORES,Obrero (Orden Nacional)
2011,GENERAL,ALIANZA FRENTE DE IZQUIERDA Y DE LOS TRABAJADORES,Política Obrera (Buenos Aires)
2011,GENERAL,ALIANZA UNIÓN PARA EL DESARROLLO SOCIAL,Alianza Frente Cívico Federal - Mendoza - (Unión Cívica Radical - Unidad Popular Mendoza)
2011,GENERAL,ALIANZA UNIÓN PARA EL DESARROLLO SOCIAL,Alianza Unión para el Desarrollo Social - Jujuy
2011,GENERAL,ALIANZA UNIÓN PARA EL DESARROLLO SOCIAL,(Unión Cívica Radical - Libertad y Democracia Responsable)
2011,GENERAL,ALIANZA UNIÓN PARA EL DESARROLLO SOCIAL,Alianza Unión para el Desarrollo Social - CABA- (Unión Cívica Radical - Federal)
2011,GENERAL,ALIANZA UNIÓN PARA EL DESARROLLO SOCIAL,Alianza Unión para el Desarrollo Social - Chaco
2011,GENERAL,ALIANZA UNIÓN PARA EL DESARROLLO SOCIAL,(Unión Cívica Radical - Bases y Principios de Chaco)
2011,GENERAL,ALIANZA UNIÓN PARA EL DESARROLLO SOCIAL,Alianza Unión para el Desarrollo Social - Salta- (Unión Cívica Radical - Propuesta Salteña)
2011,GENERAL,ALIANZA UNIÓN PARA EL DESARROLLO SOCIAL,Federal (Orden Nacional)
2011,GENERAL,ALIANZA UNIÓN PARA EL DESARROLLO SOCIAL,Liberal (Corrientes)
2011,GENERAL,ALIANZA UNIÓN PARA EL DESARROLLO SOCIAL,Popular (Corrientes)
2011,GENERAL,ALIANZA UNIÓN PARA EL DESARROLLO SOCIAL,Provincial Rionegrino (Río Negro)
2011,GENERAL,ALIANZA UNIÓN PARA EL DESARROLLO SOCIAL,Unión Cívica Radical (Orden Nacional)
