corte,coddepto,departamento
2021 (capas 2003-2019),001,Belgrano
2021 (capas 2003-2019),002,Caseros
2021 (capas 2003-2019),003,Castellanos
2021 (capas 2003-2019),004,Constitución
2021 (capas 2003-2019),005,Garay
2021 (capas 2003-2019),006,General López
2021 (capas 2003-2019),007,General Obligado
2021 (capas 2003-2019),008,Iriondo
2021 (capas 2003-2019),009,La Capital
2021 (capas 2003-2019),011,Las Colonias
2021 (capas 2003-2019),012,Nueve de Julio
2021 (capas 2003-2019),013,Rosario
2021 (capas 2003-2019),016,San Cristóbal
2021 (capas 2003-2019),017,San Javier
2021 (capas 2003-2019),018,San Jerónimo
2021 (capas 2003-2019),019,San Justo
2021 (capas 2003-2019),020,San Lorenzo
2021 (capas 2003-2019),021,San Martín
2021 (capas 2003-2019),022,Vera
2025 (capa 2023),001,La Capital
2025 (capa 2023),002,Las Colonias
2025 (capa 2023),003,San Jerónimo
2025 (capa 2023),004,Garay
2025 (capa 2023),005,Castellanos
2025 (capa 2023),006,San Martín
2025 (capa 2023),007,San Cristóbal
2025 (capa 2023),008,San Justo
2025 (capa 2023),009,General Obligado
2025 (capa 2023),010,Vera
2025 (capa 2023),011,San Javier
2025 (capa 2023),012,9 de Julio
2025 (capa 2023),013,Rosario
2025 (capa 2023),014,Caseros
2025 (capa 2023),015,Constitución
2025 (capa 2023),016,General López
2025 (capa 2023),017,Belgrano
2025 (capa 2023),018,Iriondo
2025 (capa 2023),019,San Lorenzo
