circuito_2023,circuito_2003,circuito_2007,circuito_2011,circuito_2015,circuito_2019
00010,0001,0001,0001,0001,00001
00020,0002,0002,0002,0002,00002
00030,0003,0003,0003,0003,00003
00040,0004,0004,0004,0004,00004
00050,0005,0005,0005,0005,00005
00060,0006,0006,0006,0006,00006
00070,0007,0007,0007,0007,00007
00080,0008,0008,0008,0008,00008
00090,0009,0009,0009,0009,00009
00100,0010,0010,0010,0010,00010
00110,0011,0011,0011,0011,00011
00115,0011A,0011A,0011A,0011A,0011A
00120,0012,0012,0012,0012,00012
00130,0013,0013,0013,0013,00013
00140,0014,0014,0014,0014,00014
00142,0014,0014,0014,0014,00014
00150,0015,0015,0015,0015,00015
00152,0016,0016,0016,0016,00016
00160,0016,0016,0016,0016,00016
00161,0016,0016,0016,0016,00016
00162,0016,0016,0016,0016,00016
00165,0017,0017,0017,0017,00017
00170,0019,0019,0019,0019,00019
00171,0019,0019,0019,0019,00019
00172,0019,0019,0019,0019,00019
00175,0032,0032,0032,0032,00032
00180,0035,0035,0035,0035,00035
00185,0036,0036,0036,0036,00036
00190,0038,0038,0038,0038,00038
00192,0018,0018,0018,0018,00018
00194,0021,0021,0021,0021,00021
00196,0034,0034,0034,0034,00034
00200,0020,0020,0020,0020,00020
00202,0035,0020A,0020A,0020A,0020A
00204,0033,0020B,0020B,0020B,0020B
00220,0022,0022,0022,0022,00022
00230,0023,0023,0023,0023,00023
00240,0024,0024,0024,0024,00024
00250,0025,0025,0025,0025,00025
00260,0026,0026,0026,0026,00026
00270,0027,0027,0027,0027,00027
00280,0028,0028,0028,0028,00028
00290,0029,0029,0029,0029,00029
00300,0030,0030,0030,0030,00030
00310,0031,0031,0031,0031,00031
00330,0033,0033,0033,0033,00033
00370,0037,0037,0037,0037,00037
00390,0039,0039,0039,0039,00039
00400,0040,0040,0040,0040,00040
00410,0041,0041,0041,0041,00041
00420,0042,0042,0042,0042,00042
00430,0043,0043,0043,0043,00043
00440,0044,0044,0044,0044,00044
00450,0045,0045,0045,0045,00045
00460,0046,0046,0046,0046,00046
00470,0047,0047,0047,0047,00047
00480,0048,0048,0048,0048,00048
00490,0049,0049,0049,0049,00049
00500,0050,0050,0050,0050,00050
00510,0051,0051,0051,0051,00051
00520,0052,0052,0052,0052,00052
00530,0053,0053,0053,0053,00053
00540,0054,0054,0054,0054,00054
00550,0055,0055,0055,0055,00055
00557,0055B,0055B,0055B,0055B,0055B
00559,0055D,0055D,0055D,0055D,0055D
00560,0056,0056,0056,0056,00056
00570,0057,0057,0057,0057,00057
00580,0058,0058,0058,0058,00058
00590,0059,0059,0059,0059,00059
00600,0060,0060,0060,0060,00060
00610,0061,0061,0061,0061,00061
00620,0062,0062,0062,0062,00062
00630,0063,0063,0063,0063,00063
00640,0064,0064,0064,0064,00064
00650,0065,0065,0065,0065,00065
00660,0066,0066,0066,0066,00066
00670,0067,0067,0067,0067,00067
00680,0068,0068,0068,0068,00068
00690,0069,0069,0069,0069,00069
00700,0070,0070,0070,0070,00070
00710,0071,0071,0071,0071,00071
00720,0072,0072,0072,0072,00072
00730,0073,0073,0073,0073,00073
00740,0074,0074,0074,0074,00074
00750,0075,0075,0075,0075,00075
00760,0076,0076,0076,0076,00076
00770,0077,0077,0077,0077,00077
00790,0079,0079,0079,0079,00079
00800,0080,0080,0080,0080,00080
00810,0081,0081,0081,0081,00081
00820,0082,0082,0082,0082,00082
00830,0083,0083,0083,0083,00083
00840,0084,0084,0084,0084,00084
00850,0085,0085,0085,0085,00085
00855,0085A,0085A,0085A,0085A,0085A
00860,0086,0086,0086,0086,00086
00870,0087,0087,0087,0087,00087
00880,0088,0088,0088,0088,00088
00890,0089,0089,0089,0089,00089
00910,0091,0091,0091,0091,00091
00920,0092,0092,0092,0092,00092
00930,0093,0093,0093,0093,00093
00940,0094,0094,0094,0094,00094
00950,0095,0095,0095,0095,00095
00960,0096,0096,0096,0096,00096
00965,0096A,0096A,0096A,0096A,0096A
00970,0097,0097,0097,0097,00097
00980,0098,0098,0098,0098,00098
01000,0100,0100,0100,0100,00100
01010,0101,0101,0101,0101,00101
01040,0104,0104,0104,0104,00104
01050,0105,0105,0105,0105,00105
01060,0106,0106,0106,0106,00106
01064,0106A,0106A,0106A,0106A,0106A
01066,0106B,0106B,0106B,0106B,0106B
01070,0107,0107,0107,0107,00107
01080,0108,0108,0108,0108,00108
01085,0108,0108,0108,0108,00108
01090,0109,0109,0109,0109,00109
01100,0110,0110,0110,0110,00110
01110,0111,0111,0111,0111,00111
01120,0112,0112,0112,0112,00112
01130,0113,0113,0113,0113,00113
01140,0114,0114,0114,0114,00114
01150,0115,0115,0115,0115,00115
01160,0116,0116,0116,0116,00116
01170,0117,0117,0117,0117,00117
01180,0118,0118,0118,0118,00118
01190,0119,0119,0119,0119,00119
01200,0120,0120,0120,0120,00120
01202,0120A,0120A,0120A,0120A,0120A
01204,0120B,0120B,0120B,0120B,0120B
01210,0121,0121,0121,0121,00121
01220,0122,0122,0122,0122,00122
01230,0123,0123,0123,0123,00123
01240,0124,0124,0124,0124,00124
01250,0125,0125,0125,0125,00125
01260,0126,0126,0126,0126,00126
01270,0127,0127,0127,0127,00127
01280,0128A,0128A,0128A,0128A,0128A
01282,0128B,0128B,0128B,0128B,0128B
01284,0128A,0128A,0128C,0128C,0128C
01286,0132,0132,0128D,0128D,0128D
01290,0129,0129,0129,0129,00129
01300,0130,0130,0130,0130,00130
01310,0131,0131,0131,0131,00131
01320,0132,0132,0132,0132,00132
01330,0133,0133,0133,0133,00133
01340,0134,0134,0134,0134,00134
01342,0134A,0134A,0134A,0134A,0134A
01345,0134,0134,0134,0134,00134
01350,0135,0135,0135,0135,00135
01360,0136,0136,0136,0136,00136
01365,0136A,0136A,0136A,0136A,0136A
01370,0137,0137,0137,0137,00137
01380,0138,0138,0138,0138,00138
01390,0139,0139,0139,0139,00139
01400,0140,0140,0140,0140,00140
01410,0141,0141,0141,0141,00141
01420,0142,0142,0142,0142,00142
01430,0143,0143,0143,0143,00143
01440,0144,0144,0144,0144,00144
01450,0145,0145,0145,0145,00145
01460,0146,0146,0146,0146,00146
01470,0147,0147,0147,0147,00147
01480,0148,0148,0148,0148,00148
01490,0149,0149,0149,0149,00149
01500,0150,0150,0150,0150,00150
01510,0151,0151,0151,0151,00151
01520,0152,0152,0152,0152,00152
01530,0153,0153,0153,0153,00153
01540,0154,0154,0154,0154,00154
01550,0155,0155,0155,0155,00155
01560,0156,0156,0156,0156,00156
01570,0157,0157,0157,0157,00157
01580,0158,0158,0158,0158,00158
01590,0159,0159,0159,0159,00159
01600,0160,0160,0160,0160,00160
01610,0161,0161,0161,0161,00161
01620,0162,0162,0162,0162,00162
01630,0163,0163,0163,0163,00163
01640,0164,0164,0164,0164,00164
01650,0165,0165,0165,0165,00165
01660,0166,0166,0166,0166,00166
01670,0167,0167,0167,0167,00167
01680,0168,0168,0168,0168,00168
01690,0169,0169,0169,0169,00169
01740,0174,0174,0174,0174,00174
01750,0175,0175,0175,0175,00175
01760,0176,0176,0176,0176,00176
01770,0177,0177,0177,0177,00177
01780,0178,0178,0178,0178,00178
01790,0179,0179,0179,0179,00179
01800,0180,0180,0180,0180,00180
01810,0181,0181,0181,0181,00181
01815,0181A,0181A,0181A,0181A,0181A
01820,0182,0182,0182,0182,00182
01830,0183,0183,0183,0183,00183
01840,0184,0184,0184,0184,00184
01850,0185,0185,0185,0185,00185
01860,0186,0186,0186,0186,00186
01870,0187,0187,0187,0187,00187
01880,0188,0188,0188,0188,00188
01890,0189,0189,0189,0189,00189
01910,0191,0191,0191,0191,00191
01920,0192,0192,0192,0192,00192
01930,0193,0193,0193,0193,00193
01940,0194,0194,0194,0194,00194
01950,0195,0195,0195,0195,00195
01960,0196,0196,0196,0196,00196
01964,0196B,0196B,0196B,0196B,0196B
01970,0197,0197,0197,0197,00197
01980,0198,0198,0198,0198,00198
01990,0199,0199,0199,0199,00199
02000,0200,0200,0200,0200,00200
02010,0201,0201,0201,0201,00201
02020,0202,0202,0202,0202,00202
02030,0203,0203,0203,0203,00203
02040,0204,0204,0204,0204,00204
02050,0205,0205,0205,0205,00205
02070,0207,0207,0207,0207,00207
02080,0208,0208,0208,0208,00208
02084,0208B,0208B,0208B,0208B,0208B
02086,0208C,0208C,0208C,0208C,0208C
02090,0209,0209,0209,0209,00209
02100,0210,0210,0210,0210,00210
02105,0210A,0210A,0210A,0210A,0210A
02110,0211,0211,0211,0211,00211
02120,0212,0212,0212,0212,00212
02125,0212A,0212A,0212A,0212A,0212A
02130,0213,0213,0213,0213,00213
02140,0214,0214,0214,0214,00214
02145,0214A,0214A,0214A,0214A,0214A
02150,0215,0215,0215,0215,00215
02155,0215A,0215A,0215A,0215A,0215A
02160,0216,0216,0216,0216,00216
02165,0216A,0216A,0216A,0216A,0216A
02170,0217,0217,0217,0217,00217
02180,0218,0218,0218,0218,00218
02190,0219,0219,0219,0219,00219
02200,0220,0220,0220,0220,00220
02210,0221,0221,0221,0221,00221
02215,0221A,0221A,0221A,0221A,0221A
02220,0222A,0222A,0222A,0222A,0222A
02230,0223,0223,0223,0223,00223
02235,0223A,0223A,0223A,0223A,0223A
02240,0224,0224,0224,0224,00224
02242,0224A,0224A,0224A,0224A,0224A
02244,0224B,0224B,0224B,0224B,0224B
02246,0225,0224C,0224C,0224C,0224C
02248,0224A,0224D,0224D,0224D,0224D
02249,0225,0224E,0224E,0224E,0224E
02250,0225,0225,0225,0225,00225
02255,0225A,0225A,0225A,0225A,0225A
02260,0226,0226,0226,0226,00226
02270,0227,0227,0227,0227,00227
02272,0227A,0227A,0227A,0227A,0227A
02274,0227B,0227B,0227B,0227B,0227B
02280,0228,0228,0228,0228,00228
02290,0229,0229,0229,0229,00229
02300,0230,0230,0230,0230,00230
02305,0230,0230,0230,0230,00230
02310,0231,0231,0231,0231,00231
02320,0232,0232,0232,0232,00232
02325,0232A,0232A,0232A,0232A,0232A
02330,0233,0233,0233,0233,00233
02340,0234,0234,0234,0234,00234
02350,0235,0235,0235,0235,00235
02370,0237,0237,0237,0237,00237
02380,0238,0238,0238,0238,00238
02390,0239,0239,0239,0239,00239
02395,0239,0239,0239,0239,00239
02400,0240,0240,0240,0240,00240
02410,0241,0241,0241,0241,00241
02420,0242,0242,0242,0242,00242
02440,0244,0244,0244,0244,00244
02444,0244A,0244A,0244A,0244A,0244A
02446,0244B,0244B,0244B,0244B,0244B
02450,0245,0245,0245,0245,00245
02460,0246,0246,0246,0246,00246
02465,0246A,0246A,0246A,0246A,0246A
02470,0247,0247,0247,0247,00247
02480,0248,0248,0248,0248,00248
02490,0249,0249,0249,0249,00249
02510,0251,0251,0251,0251,00251
02520,0252,0252,0252,0252,00252
02530,0253,0253,0253,0253,00253
02540,0254,0254,0254,0254,00254
02545,0254A,0254A,0254A,0254A,0254A
02550,0255,0255,0255,0255,00255
02560,0256,0256,0256,0256,00258
02570,0257,0257,0257,0257,00258
02580,0259,0259,0259,0259,00258
02590,0259,0259,0259,0259,00258
02600,0260,0260,0260,0260,00260
02610,0261,0261,0261,0261,00261
02620,0262,0262,0262,0262,00262
02630,0263,0263,0263,0263,00263
02640,0264,0264,0264,0264,00264
02670,0267,0267,0267,0267,00267
02680,0268,0268,0268,0268,00268
02682,0268A,0268A,0268A,0268A,0268A
02684,0268B,0268B,0268B,0268B,0268B
02690,0269,0269,0269,0269,00269
02700,0270,0270,0270,0270,00270
02710,0271,0271,0271,0271,00271
02740,0274,0274,0274,0274,00274
02750,0275,0275,0275,0275,00275
02755,0275A,0275A,0275A,0275A,0275A
02758,0275,0275,0275,0275,00275
02760,0276,0276,0276,0276,00276
02762,0276A,0276A,0276A,0276A,0276A
02764,0276B,0276B,0276B,0276B,0276B
02766,0276B,0276B,0276B,0276B,0276B
02770,0277,0277,0277,0277,00277
02772,0277A,0277A,0277A,0277A,0277B
02774,0277,0277,0277,0277,00277
02780,0278,0278,0278,0278,00278
02790,0279,0279,0279,0279,00279
02800,0280,0280,0280,0280,00280
02810,0281,0281,0281,0281,00281
02830,0283,0283,0283,0283,00283
02840,0284,0284,0284,0284,00284
02850,0285,0285,0285,0285,00285
02852,0285A,0285B,0285A,0285A,0285B
02854,0285,0285,0285,0285,00285
02860,0286,0286,0286,0286,00286
02870,0287,0287,0287,0287,00287
02890,0289,0289,0289,0289,00289
02900,0290,0290,0290,0290,00290
02910,0291,0291,0291,0291,00291
02920,0292,0292,0292,0292,00292
02930,0293,0293,0293,0293,00293
02940,0294,0294,0294,0294,00294
03010,0301,0301,0301,0301,00301
03015,0302,0302,0302,0302,00302
03020,0303,0303,0303,0303,00303
03025,0304,0304,0304,0304,00304
03030,0305,0305,0305,0305,00305
03035,0306,0306,0306,0306,00306
03040,0307,0307,0307,0307,00307
03045,0308,0308,0308,0308,00308
03050,0309,0309,0309,0309,00309
03055,0310,0310,0310,0310,00310
03060,0311,0311,0311,0311,00311
03065,0312,0312,0312,0312,00312
03070,0313,0313,0313,0313,00313
03075,0314,0314,0314,0314,00314
03080,0315,0315,0315,0315,00315
03085,0316,0316,0316,0316,00316
03090,0317,0317,0317,0317,00317
03095,0318,0318,0318,0318,00318
03100,0319,0319,0319,0319,00319
03105,0320,0320,0320,0320,00320
03110,0321,0321,0321,0321,00321
03115,0322,0322,0322,0322,00322
03120,0323,0323,0323,0323,00323
03125,0324,0324,0324,0324,00324
03130,0325,0325,0325,0325,00325
03135,0326,0326,0326,0326,00326
03140,0327,0327,0327,0327,00327
03145,0328,0328,0328,0328,00328
03150,0329,0329,0329,0329,00329
03155,0330,0330,0330,0330,00330
03160,0331,0331,0331,0331,00331
03165,0332,0332,0332,0332,00332
03170,0333,0333,0333,0333,00333
03175,0334,0334,0334,0334,00334
03180,0335,0335,0335,0335,00335
03185,0336,0336,0336,0336,00336
03190,0337,0337,0337,0337,00337
03195,0338,0338,0338,0338,00338
03200,0339,0339,0339,0339,00339
03205,0340,0340,0340,0340,00340
03210,0342,0342,0342,0342,00342
03220,0342A,0342A,0342A,0342A,0342A
03230,0342B,0342B,0342B,0342B,0342B
03240,0344,0344,0344,0344,00344
03250,0344A,0344A,0344A,0344A,0344A
03260,0347,0347,0347,0347,00347
03270,0347A,0347A,0347A,0347A,0347A
03280,0348,0348,0348,0348,00348
03290,0349,0349,0349,0349,00349
03300,0349A,0349A,0349A,0349A,0349A
03310,0349B,0349B,0349B,0349B,0349B
03320,0349C,0349C,0349C,0349C,0349C
03340,0353,0353,0353,0353,00353
03350,0353A,0353A,0353A,0353A,0353A
03360,0354,0354,0354,0354,00354
03370,0354A,0354A,0354A,0354A,0354A
03380,0358,0358,0358,0358,00358
03390,0359,0359,0359,0359,00359
03400,0359A,0359A,0359A,0359A,0359A
03410,0341,0341,0341,0341,00341
03415,0341A,0341A,0341A,0341A,0341A
03420,0341B,0341B,0341B,0341B,0341B
03430,0343,0343,0343,0343,00343
03435,0343A,0343A,0343A,0343A,0343A
03450,0345,0345,0345,0345,00345
03455,0345A,0345A,0345A,0345A,0345A
03500,0350,0350,0350,0350,00350
03505,0350A,0350A,0350A,0350A,0350A
03510,0351,0351,0351,0351,00351
03515,0351A,0351A,0351A,0351A,0351A
03520,0352,0352,0352,0352,00352
03550,0355,0355,0355,0355,00355
03555,0355A,0355A,0355A,0355A,0355A
03560,0356,0356,0356,0356,00356
03565,0356A,0356A,0356A,0356A,0356A
03570,0357,0357,0357,0357,00357
03580,0360,0360,0360,0360,00360
03585,0360A,0360A,0360A,0360A,0360A
03600,0362A,0362A,0362A,0362A,0362A
03602,0362B,0362B,0362B,0362E,0362E
03604,0362B,0362B,0362B,0362F,0362F
03610,0362B,0362B,0362B,0362B,0362B
03615,0362C,0362C,0362C,0362C,0362C
03620,0362D,0362D,0362D,0362D,0362D
03625,0363,0363,0363,0363,00363
03640,0364,0364,0364,0364,00364
03650,0365,0365,0365,0365,00365
03660,0366,0366,0366,0366,00366
03670,0367,0367,0367,0367,00367
03680,0368D,0368B,0368B,0368B,0368B
03690,0369,0369,0369,0369,00369
03700,0370,0370,0370,0370,00370
03710,0371,0371,0371,0371,00371
03720,0372,0372,0372,0372,00372
03730,0373,0373,0373,0373,00373
03740,0374,0374,0374,0374,00374
03750,0375,0375,0375,0375,00375
03755,0375A,0375A,0375A,0375A,0375A
03760,0376,0376,0376,0376,00376
03770,0377A,0377A,0377A,0377A,0377A
03772,0377B,0377B,0377B,0377B,0377B
03774,0377C,0377C,0377C,0377C,0377C
03780,0378,0378,0378,0378,00378
03782,0378A,0378A,0378A,0378A,0378A
03784,0378B,0378B,0378B,0378B,0378B
03786,0378C,0378C,0378C,0378C,0378C
03788,0378D,0378D,0378D,0378D,0378D
03790,0379A,0379A,0379A,0379A,0379A
03792,0379B,0379B,0379B,0379B,0379B
03794,0379C,0379C,0379C,0379C,0379C
03800,0380,0380,0380,0380,00380
03810,0381,0381,0381,0381,00381
03820,0382,0382,0382,0382,00382
03830,0383,0383,0383,0383,00383
03840,0384C,0384C,0384C,0384C,0384C
03845,0384A,0384A,0384A,0384A,0384A
03846,0384B,0384B,0384B,0384B,0384B
03848,0384C,0384C,0384C,0384C,0384C
03850,0385A,0385A,0385A,0385A,0385A
03852,0385B,0385B,0385B,0385B,0385B
03854,0385C,0385C,0385C,0385C,0385C
03860,0386,0386,0386,0386,00386
03862,0386A,0386A,0386A,0386A,0386A
03864,0386B,0386B,0386B,0386B,0386B
03870,0387,0387,0387,0387,00387
03880,0388A,0388A,0388A,0388A,0388A
03885,0388B,0388B,0388B,0388B,0388B
03890,0389,0389,0389,0389,00389
03900,0390A,0390A,0390A,0390A,0390A
03904,0390B,0390B,0390B,0390B,0390B
03906,0390C,0390C,0390C,0390C,0390C
03908,0390D,0390D,0390D,0390D,0390D
03910,0391,0391,0391,0391,00391
03915,0391A,0391A,0391A,0391A,0391A
03920,0392,0392,0392,0392,00392
03930,0393,0393,0393,0393,00393
03935,0393A,0393A,0393A,0393A,0393A
03940,0394,0394,0394,0394,00394
03950,0395A,0395A,0395A,0395A,0395A
03955,0395B,0395B,0395B,0395B,0395B
03960,0396,0396,0396,0396,00396
03965,0396A,0396A,0396A,0396A,0396A
03970,0397,0397,0397,0397,00397
03975,0397A,0397A,0397A,0397A,0397A
03980,0398,0398,0398,0398,00398
03990,0399,0399,0399,0399,00399
03992,0385C,0385C,0385C,0385C,0399A
03994,0386,0386,0386,0386,0399B
03996,0395A,0395A,0395A,0395A,0399C
04000,0400,0400,0400,0400,00400
04010,0401A,0401A,0401A,0401A,0401A
04015,0401B,0401B,0401B,0401B,0401B
04020,0402,0402,0402,0402,00402
04030,0403,0403,0403,0403,00403
04040,0404A,0404A,0404A,0404A,0404A
04045,0404B,0404B,0404B,0404B,0404B
04050,0405,0405,0405,0405,00405
04060,0406,0406,0406,0406,00406
04070,0407,0407,0407,0407,00407
04080,0408,0408,0408,0408,00408
04090,0409,0409,0409,0409,00409
04100,0410,0410,0410,0410,00410
04110,0411A,0411A,0411A,0411A,0411A
04115,0411B,0411B,0411B,0411B,0411B
04120,0412,0412,0412,0412,00412
04130,0413A,0413A,0413A,0413A,0413A
04132,0413B,0413B,0413B,0413B,0413B
04134,0413C,0413C,0413C,0413C,0413C
04140,0414,0414,0414,0414,00414
04145,0414A,0414A,0414A,0414A,0414A
04150,0415,0415,0415,0415,00415
04160,0416,0416,0416,0416,00416
04170,0417,0417,0417,0417,00417
04172,0417A,0417A,0417A,0417A,0417A
04174,0417B,0417B,0417B,0417B,0417B
04180,0418A,0418A,0418A,0418A,0418A
04185,0418B,0418B,0418B,0418B,0418B
04190,0419,0419,0419,0419,00419
04200,0420,0420,0420,0420,00420
04205,0420A,0420A,0420A,0420A,0420A
04210,0421,0421,0421,0421,00421
04220,0422,0422,0422,0422,00422
04224,0422A,0422B,0422A,0422A,0422A
04230,0423,0423,0423,0423,00423
04240,0424,0424,0424,0424,00424
04245,0425A,0425A,0425A,0425A,0425A
04250,0425B,0425B,0425B,0425B,0425B
