anio,tipo_eleccion,presidente,vicepresidente,cantidad_de_etiquetas,etiquetas
1983,Generales,Francisco Cerro,Arturo Ponsati,1,Partido Demócrata Cristiano
1983,Generales,Gregorio Flores,Catalina Raymundo de Guanini,1,Partido Obrero
1983,Generales,Guillermo Estévez Boero,Edgardo Rossi,1,Partido Socialista Popular
1983,Generales,Jorge Abelardo Ramos,Elisa Margarita Colombo,1,Partido de Izquierda Popular
1983,Generales,Manrique,Belgrano Rawson,1,Alianza Federal
1983,Generales,Oscar Eduardo Alende,Lisandro Viale,1,Partido Intransigente
1983,Generales,Rafael Martinez Raymonda,Rene H. Balestra,1,Alianza Demócrata Socialista
1983,Generales,Raúl Alfonsín,Víctor Martínez,1,Unión Cívica Radical
1983,Generales,Rogelio Frigerio,Antonio Salonia,1,Movimiento de Integración y Desarrollo
1983,Generales,Zamora,Díaz,1,Movimiento al Socialismo
1983,Generales,Álvaro C. Alzogaray,Jorge S. Oria,1,Unión del Centro Democrático
1983,Generales,Ítalo Argentino Luder,Deolindo Felipe Bittel,1,Partido Justicialista
1989,Generales,Alzogaray Álvaro Carlos,Natale Alberto,1,Alianza de Centro
1989,Generales,Angel Bustelo,Eduardo Hernandez,1,Alianza Acuerdo Popular
1989,Generales,Carlos Saúl Menem,Eduardo Alberto Duhalde,2,Partido Blanco de los Jubilados | Frente Justicialista de Unión Popular
1989,Generales,Eduardo Angeloz,Cristina Guzmán,1,Confederación Federalista Independiente - Alianza Federal
1989,Generales,Eduardo César Angeloz,Juan Manuel Casella,1,Unión Cívica Radical
1989,Generales,Guillermo Estévez Boero,Alfredo Bravo,1,Alianza Unidad Socialista
1989,Generales,Jorge Altamira,Gregorio Flores,1,Partido Obrero
1989,Generales,Luis Alberto Ammann,Lía Victoria Méndez,1,Frente Humanista - Verde
1989,Generales,Néstor Vicente,Luis Zamora,1,Izquierda Unida
1995,Generales,Alcides Christiansen,José A. Montes,1,Alianza MAS - PTS Frente Obrero y Socialista
1995,Generales,Aldo Rico,Julio Cesar Fernandez Pezzano,1,Movimiento por la Dignidad y la Independencia
1995,Generales,Amilcar Santucho,Irma Antognazzi,1,Movimiento Democrático Antiimperialista
1995,Generales,Carlos Saul Menem,Carlos Federico Ruckauf,4,Partido Justicialista | Partido Federal | Unión del Centro Democrático | Frente Recuperación Ética
1995,Generales,"Fernando ""Pino"" Solanas",Carlos Imizcoz,1,Alianza Sur
1995,Generales,Horacio Massaccesi,Antonio M. Hernandéz,1,Unión Cívica Radical
1995,Generales,Humberto M. Tumini,Jorge E. Reyna,1,Corriente Patria Libre
1995,Generales,Jorge Altamira,Norma Graciela Molle,1,Frente Unidad Trabajadora - Partido Obrero
1995,Generales,Jose Octavio Bordón Gonzalez,Carlos Chacho Alvarez,1,FREPASO Frente del País Solidario
1995,Generales,Lia Victoria Mendez,Liliana Beatriz Ambrosio,1,Partido Humanista
1995,Generales,Luis Fernando Zamora,Silvia Susana Diaz,1,Moviente Socialista de los Trabajadores
1995,Generales,Mario Francisco Mazzitelli,Alberto Raul Fonseca,1,Partido Socialista Auténtico
1999,Generales,Cavallo Domingo Felipe,Caro Figueroa José Armando,1,Alianza Acción por la República
1999,Generales,Domingo Camilo Quarracino,Amelia Rearte,1,Partido Socialista Auténtico
1999,Generales,Eduardo Alberto Duhalde,Ramon Bautista Ortega,3,Unión del Centro Democrático | Frente de Integración Federal | Concertación Justicialista para el Cambio
1999,Generales,Fernando De La Rua,"Carlos ""Chacho"" Álvarez",1,"Alianza para el Trabajo, la Justicia y la Educación"
1999,Generales,Jorge Altamira,Pablo Héctor Rieznik,1,Partido Obrero
1999,Generales,Jorge Emilio Reyna,Néstor Gabriel Moccia,1,Alianza Frente de la Resistencia
1999,Generales,José Alberto Montes,"Oscar ""Chiche"" Hernandez",1,Partido de los Trabajadores Socialistas
1999,Generales,Juan Ricardo Mussa,Irene Fernanda Herrera,1,Alianza Social Cristiana
1999,Generales,Lia Mendez,Jorge Pompei,1,Partido Humanista
1999,Generales,Patricia Walsh,Rogelio De Leonardi,1,Izquierda Unida
2003,Generales,Adolfo Rodríguez Saá,Melchor Angel Posse,1,Alianza Frente Movimiento Popular
2003,Generales,Alfredo Bravo,Rubén Giustiniani,1,Partido Socialista
2003,Generales,Arcagni Jose Carlos,Zenof Marcelo Daniel,2,Partido Unión Popular | Alianza Tiempo de Cambios
2003,Generales,Carlos Alberto Zaffore,Elsa Fabiana Perié,1,Movimiento de Integración y Desarrollo
2003,Generales,Carlos Saúl Menem,Juan Carlos Romero,2,Unión del Centro Democrático | Frente por la Lealtad
2003,Generales,Elisa Carrió,Gustavo Gutiérrez,1,Alianza Afirmación para una República Igualitaria - ARI
2003,Generales,Guillermo Sullings,Liliana Beatriz Ambrosio,1,Partido Humanista
2003,Generales,Gustavo Breide Obeid,Ramiro Vasena,1,Partido Popular de la Reconstrucción
2003,Generales,Jorge Altamira,Eduardo Salas,1,Partido Obrero
2003,Generales,Leopoldo Moreau,Mario Losada,1,Unión Cívica Radical
2003,Generales,Manuel Eduardo Herrera,Eduardo Alfredo Cuneo,1,Partido Demócrata Cristiano
2003,Generales,Mario Francisco Mazzitelli,Adrian Rodolfo Camps,1,Partido Socialista Auténtico
2003,Generales,Mussa Juan Ricardo,Suarez Roberto Natalio,1,Alianza Unidos o Dominados
2003,Generales,Néstor Carlos Kirchner,Daniel Osvaldo Scioli,1,Frente para la Victoria
2003,Generales,Patricia Walsh,Marcelo Parrilli,1,Izquierda Unida
2003,Generales,Ricardo Lopez Murphy,Ricardo Gomez Diez,1,Movimiento Federal Recrear
2003,Generales,Terán Ricardo César,Bonacci José Alejandro,1,Movimiento por la Dignidad y la Independencia
2003,Generales,Venturino Enrique Carlos,Pinto Kramer Federico Manuel,1,Confederación para que se vayan todos
2007,Generales,Alberto Rodríguez Saá,Héctor Maya,1,Frente Justicialista Unión y Libertad
2007,Generales,Cristina Fernández de Kirchner,Julio César Cobos,1,Frente para la Victoria
2007,Generales,Elisa Carrió,Rubén Giustiniani,1,Afirmación Coalición Cívica
2007,Generales,Fernando Pino Solanas,Angel Francisco Cadelli,1,Partido Socialista Auténtico
2007,Generales,Gustavo Breide Obeid,Raúl Vergara,1,Partido Popular de la Reconstrucción
2007,Generales,Jorge Omar Sobisch,Jorge Asís,4,Unión Popular | Movimiento por la Dignidad y la Independencia | El Movimiento de las Provincias Unidas | Movimiento de Acción Vecinal
2007,Generales,José Alberto Montes,Héctor Antonio Heberling,1,Frente de Izquierda y los Trabajadores por el Socialismo
2007,Generales,Lavagna Roberto,Morales Gerardo R.,1,Concertación UNA
2007,Generales,Luis Alberto Ammann,Rogelio De Leonardi,1,Alianza Frente Amplio hacia la Unidad Latinoamericana - FRAL
2007,Generales,Mussa Juan Ricardo,Nespral Bernardo,1,Confederación Lealtad Popular
2007,Generales,Nestor Pitrola,Gabriela Arroyo,1,Partido Obrero
2007,Generales,Raúl Anibal Castells,Nina Pelozo,1,Partido Movimiento Independiente de Jubilados y Desocupados
2007,Generales,Ricardo López Murphy,Esteban Bullrich,1,Recrear para el Crecimiento
2007,Generales,Vilma Ripoll,Héctor Bidonde,1,MST Movimiento Socialista de los Trabajadores por una Nueva Izquierda
2011,Generales,Alberto Rodriguez Saa,"Jose Maria ""Tati"" Vernet",1,Alianza Compromiso Federal
2011,Generales,Cristina Fernández de Kirchner,Amado Boudou,1,Frente para la Victoria
2011,Generales,Eduardo Duhalde,Mario Das Neves,1,Frente Popular
2011,Generales,Elisa Lilita Carrio,Adrian Perez,1,Coalición Cívica Ari
2011,Generales,Hermes Juan Binner,Norma Elena Morandini,1,Frente Amplio Progresista
2011,Generales,Jorge Altamira,Christian Castillo,1,Frente de Izquierda y los Trabajadores
2011,Generales,Ricardo Alfonsín,Javier González Fraga,1,Unión para el Desarrollo Social
2015,Generales,Adolfo Rodríguez Saá,Liliana Negre de Alonso,1,Alianza Compromiso Federal
2015,Generales,Daniel Scioli,Carlos Zannini,1,Frente para la Victoria
2015,Generales,Margarita Stolbizer,Miguel Angel Olaviaga,1,Progresistas
2015,Generales,Mauricio Macri,Gabriela Michetti,1,Cambiemos
2015,Generales,Nicolas Del Caño,Myriam Bregman,1,Frente de Izquierda y de los Trabajadores
2015,Generales,Sergio Tomás Massa,Gustavo Adolfo Ruberto Sáenz,1,Unidos por una Nueva Alternativa
2019,Generales,Alberto Angel Fernandez,Cristina Elisabet Fernandez,1,Frente De Todos
2019,Generales,Jose Luis Espert,Luis Alberto Rosales,1,Unite Por La Libertad Y La Dignidad
2019,Generales,Juan Jose Gomez Centurion,Cynthia Liliana Hotton,1,Frente Nos
2019,Generales,Mauricio Macri,Miguel Angel Pichetto,1,Juntos Por El Cambio
2019,Generales,Nicolas Del Caño,Romina Del Pla,1,Frente De Izquierda Y De Trabajadores
2019,Generales,Roberto Lavagna,Juan Manuel Urtubey,1,Consenso Federal
2023,Generales,Javier Gerardo Milei,Victoria Eugenia Villarruel,1,La Libertad Avanza
2023,Generales,Juan Schiaretti,Anibal Florencio Randazzo,1,Hacemos Por Nuestro Pais
2023,Generales,Myriam Teresa Bregman,Nicolas Del Caño,1,Frente De Izquierda Y De Trabajadores-Unidad
2023,Generales,Patricia Bullrich,Luis Alfonso Petri,1,Juntos Por El Cambio
2023,Generales,Sergio Tomas Massa,Agustin Oscar Rossi,1,Union Por La Patria
