id,entidad,periodo,fuente,pagina_revista,tipo,lo_que_dice_el_texto,ubicacion_en_texto
L01,Cambiemos,2015,"Murillo, Rubio y Mangonnet (2016)",11 (nota 16),composición,"Alianza de Propuesta Republicana (PRO), Coalición Cívica y UCR, nacida en marzo de 2015 para formar una lista de unidad en las PASO. La nota recoge que la convención radical la votó frente a la propuesta de Cobos de una coalición de centroizquierda con el socialismo.",sin etiqueta propia
L02,PRO,2015,"Murillo, Rubio y Mangonnet (2016)",12,ubicación,"Describe a Macri, del PRO, como líder de un 'partido de centro-derecha creado tras la crisis de 2001'; la alianza con la UCR le dio presencia nacional.",centroderecha
L03,Cambiemos,2015,Murillo y Oliveros (2024),170,ubicación,La alianza del 'nuevo partido de derecha' PRO con la UCR y la Coalición Cívica comienza a delimitar una oferta más ideológica para el polo no peronista 'hacia la centroderecha'.,derecha (PRO) / centroderecha (oferta del polo)
L04,"JxC (PRO, UCR, CC)",2023,Scaramella (2025),104,composición y ubicación,"Fundada por Macri y liderada en 2023 por Bullrich. Tres partidos principales: PRO ('centroderecha y corte liberal-republicano'), UCR ('partido catch-all, históricamente federal') y Coalición Cívica ('matriz liberal y reformista').",centroderecha (PRO); UCR sin posición; CC liberal-reformista
L05,Juntos por el Cambio,2023,Murillo y Oliveros (2024),171; 178,ubicación,"En la primaria se 'desplaza más a la derecha' con la elección de Bullrich, 'la candidata de la derecha'. Rodríguez Larreta 'representaba al sector más de centro dentro de la coalición'.",derecha (ala dominante); centro (ala Larreta)
L06,JxC / PRO,2015-2023,Murillo y Oliveros (2024),174,ubicación,Cita a Gené (2024): la derecha tradicional del PRO y JxC 'funcionó como un antecedente de la derecha radical'. Agrega que el electorado de 2015 no tenía preferencias de derecha claras y que lo unía el rechazo al kirchnerismo.,derecha tradicional (antecedente de la radical)
L07,La Libertad Avanza,2023,Murillo y Oliveros (2024),161; 162; 163,ubicación,"Milei es un outsider con ideas ultraliberales en lo económico, conservadoras en lo social y 'con tintes autoritarios en relación a las instituciones democráticas'. Habla de 'extrema derecha' y de conexiones con la 'derecha radical global'.",extrema derecha / derecha radical
L08,La Libertad Avanza,2023,Murillo y Oliveros (2024),171; 173,ubicación,Adopta un discurso 'de extrema derecha en términos económicos y conservador en términos sociales'. Sus votantes tienen actitudes anti-derechos y autoritarias y menor compromiso con la democracia que los de Bullrich.,extrema derecha
L09,La Libertad Avanza,2023,Scaramella (2025),105; 121,composición,Tercera fuerza nacional emergente; no ganó ninguna gobernación.,sin etiqueta propia
L10,Votantes de Bullrich y de Milei,2023,Murillo y Oliveros (2024),173,dato de opinión,"En una escala 1-7 (1 izquierda, 7 derecha) los votantes de Bullrich se ubican en 5, los varones de Milei en 5,5 y las mujeres en 5,1. La autoubicación de los votantes no separa a los dos frentes.",no aplica (votantes)
L11,Peronismo kirchnerista (FPV),2003-2015,Murillo y Oliveros (2024),170,ubicación,"Kirchner 'reconfigura el polo peronista moviéndolo hacia la centroizquierda, aunque aún en alianza con los sectores más conservadores' de los gobernadores del Norte; la oferta peronista pasa a incluir 'una parte de la centroizquierda'.",centroizquierda (con ala conservadora)
L12,Frente para la Victoria (candidatura Scioli),2015,"Murillo, Rubio y Mangonnet (2016)",12,ubicación,Scioli era 'teóricamente aliado al gobierno nacional' y fue rechazado por el núcleo duro del kirchnerismo.,sin etiqueta ideológica
L13,Unidos por una Nueva Alternativa (UNA),2015,"Murillo, Rubio y Mangonnet (2016)",12-13,composición,Alianza de Massa; comenzó como 'refugio de referentes del peronismo disidente' y a mitad de año perdió cuadros y aliados.,sin etiqueta ideológica (peronismo disidente)
L14,Frente de Todos / Unión por la Patria,2019-2023,Scaramella (2025),104,composición y continuidad,"Unión por la Patria fue el sello del oficialismo en 2023, 'de extracción mayoritariamente peronista', con respaldo del kirchnerismo. Esa coalición ganó en 2019 con el nombre de Frente de Todos. El peronismo no se presentó homogéneo: había facciones provinciales opositoras al gobierno nacional.",sin etiqueta ideológica; vínculo nominal FdT-UxP explícito
L15,Unión por la Patria,2023,Murillo y Oliveros (2024),164; 178,composición,'Coalición peronista gobernante'. Massa era el jefe de la tercera facción de la coalición gobernante.,sin etiqueta ideológica
L16,Peronismo disidente / no kirchnerista,2023,Scaramella (2025),115,ubicación,"Córdoba, gobernada por 'un espacio opositor de raíz peronista no kirchnerista'. Murillo y Oliveros (p. 166) lo llaman 'peronismo disidente'. Hacemos por Nuestro País es la lista de Schiaretti (MO, p. 164, nota 6).",sin etiqueta ideológica
L17,Frente Amplio Progresista / PS-GEN,2011-2015,"Murillo, Rubio y Mangonnet (2016)",16; 19,composición,"Tabla 3 agrupa al bloque 'PS-GEN' (19 diputados en 2013-15, 9 en 2015-17). En Santa Fe el oficialismo pasa del FAP (Bonfatti) al Frente Progresista Cívico y Social (Lifschitz).",sin etiqueta ideológica
L18,Izquierda,2015-2023,"Murillo, Rubio y Mangonnet (2016)",16,ubicación,"La Tabla 3 nombra un bloque 'Izquierda' (6 diputados en 2013-15, 4 en 2015-17). Murillo y Oliveros (p. 169, 182) también hablan de 'partidos de izquierda' y de 'organizaciones de izquierda'. Bregman (FIT-U) superó el 1,5 % en las PASO 2023 (MO, p. 164, nota 6).",izquierda (etiqueta de bloque; sin distinguir izquierda radical)
L19,Peronismo y no peronismo,1983-2001,Murillo y Oliveros (2024),170,criterio,Hasta la crisis de 2001 el electorado se dividía en 'dos coaliciones no ideológicas': el peronismo y el no peronismo liderado por la UCR. En 2003 ambos presentaron tres candidatos cada uno.,no ideológicas
L20,Etiquetas focales,(teoría),Escolar (2011),285 (nota 38),criterio,Recoge a Cox: una etiqueta partidaria es focal cuando funciona como mecanismo de coordinación de votantes y élites entre distritos. Es un texto conceptual sobre nacionalización; no ubica ningún partido.,no aplica
L21,Ubicación de partidos entre 2003 y 2023,,Malamud (2004),145,criterio,(Referencia cruzada) ARI sale de la UCR 'por izquierda' y Recrear 'por derecha' en 2003.,ARI centroizquierda; Recrear centroderecha
