id,entidad,sigla,tipo,ambito,periodo,lider,composicion_segun_texto,orientacion_en_texto,tipo_respaldo,pagina_revista
E01,Unión Cívica Radical,UCR,partido,nacional,1891-,Hipólito Yrigoyen (fundación),,"Representante de los sectores medios; sin etiqueta izquierda-derecha. En el esquema de Di Tella ocuparía el espacio de los sectores medios si el PJ se alinea con las clases bajas, o el de partido burgués si el PJ se vuelve policlasista.",sin etiqueta ideológica,141-142
E02,Partido Justicialista,PJ,partido,nacional,1946-,Juan D. Perón (fundación),"Candidatura de Perón en 1946 por los partidos Laborista y UCR Junta Renovadora, unificados luego en el Partido Único de la Revolución Nacional, renombrado Partido Peronista y luego PJ","Movimiento nacional de concepción organicista, 'tributaria de las visiones mussoliniana y franquista'; apoyo de clases trabajadoras. Di Tella: partido que puede ser de clases populares o policlasista 'a la manera del PRI'. Sin etiqueta izquierda-derecha.",sin etiqueta ideológica,141-142
E03,Coalición opositora a Perón de 1946,(sin nombre en el texto),coalición,nacional,1946,,"UCR, Democracia Progresista, Socialismo y Comunismo",El texto la describe como 'coalición de todos los demás partidos' y no le da nombre ni ubicación.,sin etiqueta ideológica,141
E04,UCR Intransigente / UCR del Pueblo,UCRI / UCRP,partido (escisión),nacional,1958-1962,,Escisión de la UCR en 1958 en dos fracciones,La UCRI perdió toda relevancia electoral desde su destitución en 1962.,sin etiqueta ideológica,139
E05,Partido Intransigente,PI,partido,nacional,1983-1987,Oscar Alende (viejo caudillo de origen radical),,"'Agrupación de centroizquierda'; discurso dirigido a sectores juveniles, 'épica igualitaria, nacionalista y latinoamericana'. Tercera fuerza en 1983 y 1985; el justicialismo absorbió a su electorado en 1987.",explícita,143
E06,Unión del Centro Democrático,UCeDé,partido,nacional,1987-1993 (como núcleo de la Alianza de Centro),Álvaro Alsogaray (ex ministro de Economía de 'cuño liberal'),,Núcleo de la Alianza de Centro. El texto dice que la alternativa a radicales y peronistas 'se desplazó hacia la derecha' en 1987 y 1989.,explícita,144
E07,Alianza de Centro,AC,coalición,nacional,1987-1993,Álvaro Alsogaray,Coalición orientada por la UCeDé; el texto no enumera otros integrantes,"Ver UCeDé. Tercera fuerza en 1987 (diputados) y 1989 (presidente 7,2 %, diputados 9,6 %), 1991.",explícita,144
E08,Movimiento por la Dignidad Nacional,MODIN,partido,nacional,1993-1994 (desempeños citados),"Aldo Rico (ex militar, encabezó dos levantamientos contra Alfonsín)",,'Alternativa a la derecha'; 'mayor componente antisistema'; base en sectores bajos de la provincia de Buenos Aires. Cerca del 6 % en 1993 y del 10 % en 1994 (constituyentes).,explícita,144-145
E09,Frente Grande,FG,coalición / partido,"Capital y Buenos Aires, luego nacional",1994-,Carlos 'Chacho' Álvarez,"Coalición de sectores provenientes de partidos de izquierda, organismos de derechos humanos y desprendimientos menores del peronismo","'Alternativa a la izquierda' frente al pacto UCR-PJ. 14 % en 1994. La bibliografía del texto cita a Abal Medina (2004), 'The Rise and Fall of the Argentine Center-Left: The Crisis of the Frente Grande'.",explícita (con matiz: la fuente citada lo llama centroizquierda),144-145; 152
E10,Frente del País Solidario,FREPASO,alianza,nacional,1995-1997,José Bordón (candidato presidencial 1995),Alianza del Frente Grande con 'otros partidos de similar orientación'; 'federación de partidos hegemonizada por el Frente Grande',"Segunda fuerza en 1995 (29,3 % presidente, 21,1 % diputados), desplazó a la UCR al tercer lugar. Orientación 'similar' a la del FG.",derivada del FG,145; 151
E11,"Alianza por el Trabajo, la Justicia y la Educación",ALIANZA,coalición,nacional,1997-2001,Fórmula De la Rúa-Álvarez (1999),UCR y FREPASO,"Triunfó en 1997 (diputados) y 1999 (presidente, 48,5 % como suma 'UCR y satélites'). Primera vez que un dirigente ajeno a UCR y PJ llegó a la vicepresidencia. Derrota en 2001. Sin etiqueta izquierda-derecha.",sin etiqueta ideológica,143 (nota 4); 145
E12,Fuerza Republicana,FR,partido provincial,Tucumán,1995 (gobernación) y 1997 (diputados),Antonio Bussi (ex gobernador militar),,"Tercera fuerza en diputados 1997 (1,45 %). Incluida entre los partidos 'acaudillados por ex interventores militares'. Sin etiqueta izquierda-derecha.",sin etiqueta ideológica,145; 148-149
E13,Acción por la República,AR,partido,nacional,1999-,Domingo Cavallo (ex ministro de Economía),,"'Partido de orientación liberal'. Tercera fuerza en 1999 (10,1 % presidente, 8,0 % diputados).",explícita,145
E14,Alternativa por una República de Iguales,ARI,partido,nacional,2001-,Elisa Carrió (ex diputada radical),,"Tercera fuerza en 2001 (7,2 % diputados). En 2003, junto con Recrear, resultó de una 'diáspora' de la UCR 'por izquierda y por derecha'; ARI es la salida por izquierda.",explícita (relativa a la UCR),145; 144 (Cuadro 1)
E15,Recrear,RE,partido,nacional,2003-,Ricardo López Murphy,,"Desprendimiento de la UCR 'por derecha' en 2003. Tercera fuerza presidencial con 16,4 %.",explícita (relativa a la UCR),145; 144 (Cuadro 1)
E16,Movimiento Popular Neuquino,MPN,partido provincial,Neuquén,1983-,,,Desprendimiento del peronismo. Gobierna Neuquén durante todo el período. Sin etiqueta izquierda-derecha.,sin etiqueta ideológica,149
E17,Partido Bloquista de San Juan,PBSJ,partido provincial,San Juan,1983-1987,,,Desprendimiento del radicalismo (bloquismo sanjuanino).,sin etiqueta ideológica,148-149
E18,Movimiento Popular Fueguino,MPF,partido provincial,Tierra del Fuego,1991-1995,,,Desprendimiento de peronismo y radicalismo.,sin etiqueta ideológica,149
E19,Partido Renovador Salteño / Partido Acción Chaqueña,PRS / PACH,partidos provinciales,Salta / Chaco,1991,,,"'Acaudillados por ex interventores militares', igual que Fuerza Republicana.",sin etiqueta ideológica,149
E20,"Partidos Autonomista, Liberal y Nuevo de Corrientes",PAL / PN,partidos provinciales,Corrientes,1983-1995,,,'Auténticas expresiones de una corriente conservadora que jamás logró constituirse en partido nacional'.,explícita,149
E21,UCR y satélites / PJ y satélites,,categoría analítica del autor,nacional,1983-2003,,El texto no define 'satélite'. En 1999 la fila 'UCR y satélites' equivale a la ALIANZA; el PJ 'se presenta habitualmente como miembro hegemónico de alianzas con partidos minoritarios'.,No es una ubicación ideológica: agrupa por pertenencia al campo radical o peronista.,no aplica,144 (Cuadro 1); 143 (nota 4)
E22,Frente peronista de 2003 (tres candidaturas),,tres candidaturas del PJ,nacional,2003,,"El PJ 'presentó tres' candidatos, uno de los cuales resultaría vencedor; el texto no los nombra. Suman 60,8 % ('PJ y satélites').",Sin etiqueta izquierda-derecha.,sin etiqueta ideológica,145; 144 (Cuadro 1)
E23,UCR 2003 (candidatura única),,candidatura,nacional,2003,,"Candidato único con costo de dividir el partido; 2,3 % ('UCR y satélites').",Sin etiqueta izquierda-derecha.,sin etiqueta ideológica,145; 144 (Cuadro 1)
