departamento,localidad,codigo_gobierno_local,nombre_censo,poblacion_2022,fuente
Castellanos,Ataliva,822119,Ataliva,2292,"Censo 2022 (INDEC), radios censales; viviendas particulares"
Castellanos,Colonia Aldao,822147,Colonia Aldao,2015,"Censo 2022 (INDEC), radios censales; viviendas particulares"
Castellanos,Frontera,820035,Frontera,9967,"Censo 2022 (INDEC), radios censales; viviendas particulares"
Castellanos,Humberto Primo,822273,Humberto Primo,5848,"Censo 2022 (INDEC), radios censales; viviendas particulares"
Castellanos,Josefina,822280,Josefina,2738,"Censo 2022 (INDEC), radios censales; viviendas particulares"
Castellanos,Lehmann,822287,Lehmann,3574,"Censo 2022 (INDEC), radios censales; viviendas particulares"
Castellanos,María Juana,822294,María Juana,4910,"Censo 2022 (INDEC), radios censales; viviendas particulares"
Castellanos,Ramona,822329,Ramona,2062,"Censo 2022 (INDEC), radios censales; viviendas particulares"
Castellanos,San Vicente,820045,San Vicente,6240,"Censo 2022 (INDEC), radios censales; viviendas particulares"
Castellanos,Santa Clara de Saguier,822357,Santa Clara de Saguier,2057,"Censo 2022 (INDEC), radios censales; viviendas particulares"
Castellanos,Sunchales,820049,Sunchales,23397,"Censo 2022 (INDEC), radios censales; viviendas particulares"
Castellanos,Zenón Pereyra,822406,Zenón Pereyra,2123,"Censo 2022 (INDEC), radios censales; viviendas particulares"
Las Colonias,Esperanza,820161,Esperanza,46757,"Censo 2022 (INDEC), radios censales; viviendas particulares"
Las Colonias,Felicia,823071,Felicia,3158,"Censo 2022 (INDEC), radios censales; viviendas particulares"
Las Colonias,Franck,823078,Franck,6406,"Censo 2022 (INDEC), radios censales; viviendas particulares"
Las Colonias,Humboldt,823099,Humboldt,5320,"Censo 2022 (INDEC), radios censales; viviendas particulares"
Las Colonias,Pilar,823155,Pilar,5310,"Censo 2022 (INDEC), radios censales; viviendas particulares"
Las Colonias,Progreso,823162,Progreso,2773,"Censo 2022 (INDEC), radios censales; viviendas particulares"
Las Colonias,San Carlos Centro,820168,San Carlos Centro,12322,"Censo 2022 (INDEC), radios censales; viviendas particulares"
Las Colonias,San Carlos Sud,823211,San Carlos Sud,2607,"Censo 2022 (INDEC), radios censales; viviendas particulares"
Las Colonias,San Jerónimo Norte,820171,San Jerónimo Norte,7312,"Censo 2022 (INDEC), radios censales; viviendas particulares"
Las Colonias,Santa Clara de Buena Vista,823239,Santa Clara de Buena Vista,3115,"Censo 2022 (INDEC), radios censales; viviendas particulares"
San Martín,Carlos Pellegrini,824051,Carlos Pellegrini,5961,"Censo 2022 (INDEC), radios censales; viviendas particulares"
San Martín,Cañada Rosquín,824044,Cañada Rosquín,5616,"Censo 2022 (INDEC), radios censales; viviendas particulares"
San Martín,El Trébol,820308,El Trébol,12424,"Censo 2022 (INDEC), radios censales; viviendas particulares"
San Martín,María Susana,824114,María Susana,3569,"Censo 2022 (INDEC), radios censales; viviendas particulares"
San Martín,Piamonte,824121,Piamonte,3622,"Censo 2022 (INDEC), radios censales; viviendas particulares"
San Martín,San Jorge,820315,San Jorge,19524,"Censo 2022 (INDEC), radios censales; viviendas particulares"
San Martín,San Martín de las Escobas,824128,San Martín de las Escobas,3047,"Censo 2022 (INDEC), radios censales; viviendas particulares"
San Martín,Sastre y Ortiz,820322,Sastre y Ortiz,5855,"Censo 2022 (INDEC), radios censales; viviendas particulares"
