codigo_gobierno_local,gobierno_local,cod_departamento,poblacion_2022,poblacion_16_y_mas
820210,Rosario,084,1030069,816426
820147,Santa Fe,063,405264,316668
820042,Rafaela,021,101699,78451
820217,Villa Gobernador Gálvez,084,92147,67648
820112,Reconquista,049,87986,65866
820077,Venado Tuerto,042,82839,63804
820154,Santo Tomé,063,75133,57460
820056,Villa Constitución,028,52576,40420
820301,San Lorenzo,119,50942,39206
820161,Esperanza,070,46757,36567
820196,Granadero Baigorria,084,44188,33297
820028,Casilda,014,38594,30041
820189,Funes,119,38284,28384
820203,Pérez,084,32389,23798
820126,Cañada de Gómez,056,32108,25108
820266,Capitán Bermúdez,119,30792,23612
820294,Roldán,119,30680,22002
820091,Avellaneda,049,29299,22016
820259,San Justo,112,26366,20151
820182,Arroyo Seco,084,24472,19189
820049,Sunchales,021,23397,18085
820336,Vera,133,22747,17063
820063,Firmat,042,20536,16082
820252,Gálvez,105,20124,15887
820119,Villa Ocampo,049,19628,15183
820315,San Jorge,126,19524,15074
820245,Coronda,105,19499,14605
820070,Rufino,042,19172,14947
820142,Recreo,063,19016,13730
820280,Fray Luis Beltrán,119,18498,13604
820287,Puerto General San Martín,119,17969,12857
820238,San Javier,098,17452,12901
820273,Carcarañá,119,17354,13461
820175,Tostado,077,17006,12643
820224,Ceres,091,16360,12345
820231,San Cristóbal,091,15363,11756
820014,Las Parejas,007,14514,11179
820098,Las Toscas,049,14397,10732
820158,Sauce Viejo,063,14393,10687
820021,Las Rosas,007,14371,11136
820143,San José del Rincón,063,13998,10534
820140,Laguna Paiva,063,13639,10442
820007,Armstrong,007,12939,10223
820329,Calchaquí,133,12788,9372
820207,Pueblo Esther,084,12666,9525
820308,El Trébol,126,12424,9572
820168,San Carlos Centro,070,12322,9803
820133,Totoras,056,11676,9152
822553,Helvecia,035,10164,7601
820035,Frontera,021,9967,7189
823001,Monte Vera,063,9953,7623
820084,Villa Cañás,042,9757,7660
820256,San Genaro,105,9620,7539
820233,San Guillermo,091,9315,7220
820237,Romang,098,9168,6981
823414,Ibarlucea,119,8903,6387
820105,Malabrigo,049,8708,6718
823372,Alvear,084,8349,6024
823365,Álvarez,084,7930,6018
822567,Santa Rosa de Calchines,035,7830,5808
820235,Suardi,091,7761,5915
822413,Alcorta,028,7680,6140
820095,Florencia,049,7454,5543
822056,Chabas,014,7444,5929
822028,Arequito,014,7319,5837
820171,San Jerónimo Norte,070,7312,5850
822441,Empalme Villa Constitución,028,7148,5553
822091,San José de la Esquina,014,6869,5593
823463,Zavalla,119,6722,5324
822749,Teodelina,042,6651,5325
823344,Villa Minetti,077,6529,4832
823890,Gobernador Crespo,112,6451,4924
824030,Timbúes,119,6437,4564
823078,Franck,070,6406,5103
820045,San Vicente,021,6240,4911
822903,Correa,056,6212,4771
822756,Wheelwright,042,6140,4921
823820,Maciel,105,5975,4619
824016,Ricardone,119,5964,4311
824051,Carlos Pellegrini,126,5961,4591
823400,Fighiera,084,5960,4617
822644,Elortondo,042,5938,4797
820322,Sastre y Ortiz,126,5855,4591
822273,Humberto Primo,021,5848,4464
822917,Oliveros,056,5671,4188
823351,Acebal,084,5648,4592
824044,Cañada Rosquín,126,5616,4329
823729,Barrancas,105,5611,4362
822049,Bigand,014,5599,4467
822728,San Gregorio,042,5400,4149
822063,Chañar Ladeado,014,5385,4409
823099,Humboldt,070,5320,4137
823155,Pilar,070,5310,4083
823407,General Lagos,084,5072,3797
823008,Nelson,063,4966,3869
822294,María Juana,021,4910,3958
822539,Cayastá,035,4897,3656
822959,Arroyo Leyes,063,4831,3596
822651,Hughes,042,4792,3768
822742,Santa Isabel,042,4735,3607
824191,Margarita,133,4566,3480
823687,Alejandra,098,4406,3143
823442,Soldini,084,4286,3249
822924,Pueblo Andino,056,4142,3037
822938,Serodino,056,4087,3048
822686,María Teresa,042,4073,3136
822707,Murphy,042,4039,3169
823680,Villa Trinidad,091,3939,2979
822875,Villa Guillermina,049,3921,2880
822735,Sancti Spiritu,042,3688,2846
823778,Gaboto,105,3672,2656
824121,Piamonte,126,3622,2854
822287,Lehmann,021,3574,2661
824114,María Susana,126,3569,2851
824009,Pujato,119,3566,2889
822420,Bombal,028,3510,2809
824149,Fortín Olmos,133,3493,2546
823547,Hersilia,091,3449,2554
822035,Arteaga,014,3414,2763
822868,Villa Ana,049,3331,2542
822518,Santa Teresa,028,3243,2611
822945,Villa Eloísa,056,3232,2633
822483,Máximo Paz,028,3204,2563
822854,San Antonio de Obligado,049,3167,2292
823071,Felicia,070,3158,2454
823239,Santa Clara de Buena Vista,070,3115,2429
823757,Centeno,105,3092,2461
822490,Pavón,028,3083,2222
824023,San Jerónimo Sud,119,3067,2371
824128,San Martín de las Escobas,126,3047,2344
822861,Tacuarendi,049,2941,2190
823764,Desvío Arijón,105,2933,2127
822014,Montes de Oca,007,2857,2307
823162,Progreso,070,2773,2120
822280,Josefina,021,2738,1911
823995,Fuentes,119,2729,2220
824177,La Gallareta,133,2719,1994
822994,Llambí Campbell,063,2685,2174
823211,San Carlos Sud,070,2607,1969
822826,Lanteri,049,2569,1947
822931,Salto Grande,056,2529,1970
823974,Videla,112,2505,1963
823904,La Criolla,112,2502,1903
822021,Tortugas,007,2488,1897
823421,Piñero,084,2484,1812
822504,Peyrano,028,2473,2056
822693,Melincué,042,2461,1903
823393,Coronel Bogado,084,2448,1937
823603,Moisés Ville,091,2415,1810
823827,Monje,105,2400,1873
823491,Arrufo,091,2301,1733
822119,Ataliva,021,2292,1752
822084,Los Quirquinchos,014,2268,1860
824037,Villa Mugueta,119,2254,1812
823722,Arocena,105,2134,1583
822623,Chovet,042,2131,1724
822406,Zenón Pereyra,021,2123,1631
822497,Pavón Arriba,028,2110,1691
822042,Berabevú,014,2104,1725
822679,Maggiolo,042,2068,1614
822329,Ramona,021,2062,1609
822357,Santa Clara de Saguier,021,2057,1586
822637,Diego de Alvear,042,2047,1604
823918,Marcelino Escalada,112,2042,1544
822098,Sanford,014,2033,1637
822077,Los Molinos,014,2022,1606
822147,Colonia Aldao,021,2015,1517
823295,Gregoria Pérez de Denis,077,1967,1445
822581,Amenábar,042,1965,1540
822609,Carreras,042,1954,1574
822308,Plaza Clucellas,021,1948,1408
822140,Bella Italia,021,1936,1427
824156,Garabato,133,1912,1419
822070,Gödeken,042,1908,1541
824198,Tartagal,133,1848,1392
823456,Villa Amelia,084,1843,1438
822364,Susana,021,1834,1345
823057,Elisa,070,1828,1445
823260,Santo Domingo,070,1795,1398
823771,Díaz,105,1780,1377
822602,Carmen,042,1756,1422
822833,Las Garzas,049,1728,1258
822805,Guadalupe Norte,049,1700,1244
823736,Bernardo de Irigoyen,105,1658,1282
822952,Arroyo Aguiar,063,1628,1249
823190,Sa Pereira,070,1590,1252
822385,Vila,021,1586,1191
823813,López,105,1580,1237
822371,Tacural,021,1553,1199
824002,Luis Palacios,119,1543,1143
824086,Landeta,126,1502,1156
822819,La Sarita,049,1494,1169
822840,Los Laureles,049,1487,1072
822112,Angélica,021,1475,1144
823120,La Pelada,070,1440,1080
822763,Arroyo Ceibal,049,1422,1108
822784,El Rabón,049,1421,1081
824072,Colonia Belgrano,126,1414,1061
824170,Intiyaco,133,1408,1010
822007,Bouquet,007,1375,1125
822455,Godoy,028,1374,1106
822882,Bustinza,056,1344,1078
823967,Vera y Pintado,112,1343,1040
824107,Los Cardos,126,1333,1009
823484,Ambrosetti,091,1326,982
822462,Juan B. Molina,028,1310,1076
823204,San Carlos Norte,070,1288,985
822105,Villada,014,1259,986
822889,Carrizales,056,1206,945
824184,Los Amores,133,1206,879
823470,Coronel Domínguez,084,1175,938
823785,Gessler,105,1158,908
822665,Labordeboy,042,1155,923
822980,Candioti,063,1155,897
822714,San Eduardo,042,1154,899
823197,San Agustín,070,1147,876
823267,Sarmiento,070,1145,842
823659,Soledad,091,1125,855
822588,Cafferata,042,1108,894
823288,Gato Colorado,077,1106,774
823337,Santa Margarita,077,1103,829
823841,San Fabián,105,1099,816
823519,Colonia Rosa,091,1069,800
822231,Eusebia y Carolina,021,1048,789
822546,Colonia Mascías,035,1044,775
822315,Presidente Roca,021,1035,797
823323,Pozo Borrado,077,1030,837
822987,Emilia,063,1028,841
822525,Sargento Cabral,028,1023,843
822224,Estación Clucellas,021,1006,744
823792,Irigoyen,105,1003,759
823386,Carmen del Sauce,084,1002,762
822469,Juncal,028,996,846
823218,San Jerónimo del Sauce,070,993,751
823988,Coronel Arnold,119,990,787
822812,Ingeniero Chanourdie,049,989,739
822595,Cañada del Ucle,042,973,793
823141,Matilde,070,966,734
823953,San Martín Norte,112,954,698
824100,Las Petacas,126,952,754
822770,Berna,049,938,667
822896,Classon,056,924,666
824205,Toba,133,924,676
822560,Saladero Mariano Cabal,035,918,637
824142,Cañada Ombú,133,914,707
823169,Providencia,070,902,685
822630,Christophersen,042,898,680
823449,Uranga,084,884,731
822808,Hardy,049,877,658
823085,Grutly,070,875,688
822616,Chapuy,042,874,644
823554,Huanqueros,091,864,658
823309,Logroño,077,810,601
823981,Aldao,119,802,606
822777,El Araza,049,787,623
824058,Casas,126,777,580
823148,Nuevo Torino,070,763,594
823876,Colonia Dolores,112,761,561
823134,María Luisa,070,760,588
824065,Castelar,126,755,569
822791,El Sombrerito,049,746,605
823330,San Bernardo,077,744,564
823617,Monte Oscuridad,091,705,475
822217,Esmeralda,021,705,537
823704,Colonia Teresa,098,701,465
823939,Ramayón,112,693,541
823799,Larrechea,105,687,510
822427,Cañada Rica,028,679,560
823932,Pedro Gómez Cello,112,657,498
823596,Las Palmeras,091,652,477
822448,General Gelly,028,651,540
823673,Villa Saralegui,091,635,453
822511,Rueda,028,628,511
823708,La Brava,098,614,474
822658,La Chispa,042,569,435
823435,Pueblo Muñoz,084,567,454
823092,Hipatía,070,550,402
823582,La Rubia,091,543,398
822847,Nicanor Molinas,049,543,393
822532,Theobald,028,541,430
822700,Miguel Torres,042,522,387
823631,Palacios,091,515,369
822336,Saguier,021,506,369
822910,Lucio V. López,056,505,388
823540,Dos Rosas y La Legua,091,504,379
823869,Cayastacito,112,501,368
823176,Pujato Norte,070,495,347
824188,Los Tábanos,133,495,361
823127,Las Tunas,070,489,358
823701,Colonia Durán,098,466,379
823512,Colonia Bossi,091,461,337
822196,Colonia Raquel,021,457,315
824079,Crispi,126,454,323
823960,Silva,112,452,340
822378,Tacurales,021,448,306
824163,Golondrina,133,443,328
822973,Campo Andino,063,442,325
822672,Lazzarino,042,426,333
822392,Villa San José,021,426,329
823610,Monigotes,091,426,336
823036,Cavour,070,405,300
822574,Aarón Castellanos,042,401,294
822203,Coronel Fraga,021,393,303
823533,Curupaity,091,387,313
823477,Aguará Grande,091,384,277
822476,La Vanguardia,028,383,317
823911,La Penca y Caraguatá,112,380,292
823232,San Mariano,070,380,274
822154,Colonia Bicha,021,375,268
823694,Cacique Ariacaiquín,098,373,303
823358,Albarellos,084,366,289
822210,Egusquiza,021,366,275
823498,Capivara,091,352,251
822434,Cepeda,028,351,286
822189,Colonia Margarita,021,351,262
823064,Empalme San Carlos,070,346,251
823925,Naré,112,336,263
822343,San Antonio,021,323,256
822721,San Francisco de Santa Fe,042,313,230
822133,Bauer y Sigel,021,313,251
824093,Las Bandurrias,126,308,211
823281,Esteban Rams,077,307,234
823379,Arminda,119,303,248
823050,Cululú,070,296,220
823316,Montefiore,077,292,205
823505,Colonia Ana,091,289,214
822259,Garibaldi,021,288,206
822168,Castellanos,021,285,218
823043,San José,070,272,214
823862,Angeloni,112,272,216
823575,La Lucila,091,265,214
822399,Virginia,021,258,193
823526,Constanza,091,256,173
822252,Galisteo,021,253,177
823561,La Cabral,091,246,176
823183,Rivadavia,070,221,161
822175,Colonia Cello,021,215,167
823624,Ñanducita,091,212,153
822126,Aurelia,021,208,152
823806,Loma Alta,105,202,157
824135,Traill,126,186,129
823113,Jacinto L. Aráuz,070,186,140
823750,Casalegno,105,179,147
822245,Fidela,021,179,125
822161,Colonia Bigand,021,176,129
823253,Santa María Norte,070,164,110
822322,Pueblo Marini,021,164,115
822266,Hugentobler,021,157,120
823246,Santa María Centro,070,152,115
823638,Portugalete,091,145,107
823568,Colonia Clara,091,144,97
822966,Cabal,063,128,109
823589,Las Avispas,091,127,91
823834,San Eugenio,105,124,93
823274,Soutomayor,070,120,86
823897,La Camila,112,111,88
822238,Eustolia,021,107,84
822182,Colonia Iturraspe,021,88,65
823743,Campo Piaggio,105,87,68
823106,Ituzaingó,070,82,60
823946,San Bernardo,112,81,61
822301,Colonia Maua,021,80,54
823883,Esther,112,79,65
823652,Santurce,091,58,48
823302,Juan de Garay,077,48,36
