ambito,fuente,recuento,anio,instancia,puesto,etiqueta_tal_cual,formula_o_homologada,votos,pct_votos_positivos
Nacional,DINE (Excel oficial),DEFINITIVO,2003,GENERAL,1,Alianza Frente por la Lealtad - Unión del Centro Democrático,MENEM - ROMERO,4741202,24.45
Nacional,DINE (Excel oficial),DEFINITIVO,2003,GENERAL,2,Alianza Frente para la Victoria,KIRCHNER - SCIOLI,4313131,22.25
Nacional,DINE (Excel oficial),DEFINITIVO,2003,GENERAL,3,Alianza Movimiento Federal para Recrear el Crecimiento,LÓPEZ MURPHY - GÓMEZ DIEZ,3173584,16.37
Nacional,DINE (Excel oficial),DEFINITIVO,2007,GENERAL,1,Alianza Frente para la Victoria,FERNÁNDEZ DE KIRCHNER - COBOS,8652293,45.28
Nacional,DINE (Excel oficial),DEFINITIVO,2007,GENERAL,2,Alianza Confederación Coalición Cívica,CARRIÓ - GIUSTINIANI,4403642,23.05
Nacional,DINE (Excel oficial),DEFINITIVO,2007,GENERAL,3,Alianza Concertación para una Nación Avanzada,LAVAGNA - MORALES,3230236,16.91
Nacional,DINE (Excel oficial),DEFINITIVO,2011,GENERAL,1,Alianza Frente para la Victoria,FERNÁNDEZ DE KIRCHNER - BOUDOU,11865055,54.11
Nacional,DINE (Excel oficial),DEFINITIVO,2011,GENERAL,2,Alianza Frente Amplio Progresista,BINNER - MORANDINI,3684970,16.81
Nacional,DINE (Excel oficial),DEFINITIVO,2011,GENERAL,3,Alianza Unión para el Desarrollo Social,ALFONSÍN - GONZÁLEZ FRAGA,2443016,11.14
Nacional,DINE (Excel oficial),DEFINITIVO,2015,PASO,1,ALIANZA FRENTE PARA LA VICTORIA,,8720573,38.67
Nacional,DINE (Excel oficial),DEFINITIVO,2015,PASO,2,ALIANZA CAMBIEMOS,,6791278,30.12
Nacional,DINE (Excel oficial),DEFINITIVO,2015,PASO,3,ALIANZA UNIDOS POR UNA NUEVA ALTERNATIVA (UNA),,4639405,20.57
Nacional,DINE (Excel oficial),DEFINITIVO,2015,GENERAL,1,ALIANZA FRENTE PARA LA VICTORIA,,9338490,37.08
Nacional,DINE (Excel oficial),DEFINITIVO,2015,GENERAL,2,ALIANZA CAMBIEMOS,,8601131,34.15
Nacional,DINE (Excel oficial),DEFINITIVO,2015,GENERAL,3,ALIANZA UNIDOS POR UNA NUEVA ALTERNATIVA (UNA),,5386977,21.39
Nacional,DINE (Excel oficial),DEFINITIVO,2015,BALOTAJE,1,ALIANZA CAMBIEMOS,,12988349,51.34
Nacional,DINE (Excel oficial),DEFINITIVO,2015,BALOTAJE,2,ALIANZA FRENTE PARA LA VICTORIA,,12309575,48.66
Nacional,DINE (Excel oficial),DEFINITIVO,2019,PASO,1,FRENTE DE TODOS,,12205085,49.49
Nacional,DINE (Excel oficial),DEFINITIVO,2019,PASO,2,JUNTOS POR EL CAMBIO,,8121596,32.94
Nacional,DINE (Excel oficial),DEFINITIVO,2019,PASO,3,CONSENSO FEDERAL,,2081293,8.44
Nacional,DINE (Excel oficial),DEFINITIVO,2019,GENERAL,1,FRENTE DE TODOS,,12946037,48.24
Nacional,DINE (Excel oficial),DEFINITIVO,2019,GENERAL,2,JUNTOS POR EL CAMBIO,,10811586,40.28
Nacional,DINE (Excel oficial),DEFINITIVO,2019,GENERAL,3,CONSENSO FEDERAL,,1649322,6.15
Nacional,DINE (API),PROVISORIO,2023,PASO,1,LA LIBERTAD AVANZA,,7116352,31.57
Nacional,DINE (API),PROVISORIO,2023,PASO,2,JUNTOS POR EL CAMBIO,,6698029,29.72
Nacional,DINE (API),PROVISORIO,2023,PASO,3,UNION POR LA PATRIA,,6460689,28.66
Nacional,DINE (CSV de mesas),PROVISORIO,2023,GENERAL,1,UNION POR LA PATRIA,,9645983,36.69
Nacional,DINE (CSV de mesas),PROVISORIO,2023,GENERAL,2,LA LIBERTAD AVANZA,,7884336,29.99
Nacional,DINE (CSV de mesas),PROVISORIO,2023,GENERAL,3,JUNTOS POR EL CAMBIO,,6267152,23.84
Nacional,DINE (API),PROVISORIO,2023,BALOTAJE,1,LA LIBERTAD AVANZA,,14476462,55.69
Nacional,DINE (API),PROVISORIO,2023,BALOTAJE,2,UNION POR LA PATRIA,,11516142,44.31
Santa Fe,Base propia (PolAr / DINE),PROVISORIO,2003,GENERAL,1,Al. Frente por la Lealtad,Frente por la Lealtad (Menem),437667,25.3
Santa Fe,Base propia (PolAr / DINE),PROVISORIO,2003,GENERAL,2,Al. Afirm.para una Rep. Igualitaria,ARI / Coalicion Civica,434526,25.11
Santa Fe,Base propia (PolAr / DINE),PROVISORIO,2003,GENERAL,3,Al. Mov. Fed. P/Recrear el Crecimiento,Recrear (Lopez Murphy),297316,17.18
Santa Fe,DINE (Excel oficial),DEFINITIVO,2003,GENERAL,1,Alianza Frente por la Lealtad - Unión del Centro Democrático,MENEM - ROMERO,425886,25.26
Santa Fe,DINE (Excel oficial),DEFINITIVO,2003,GENERAL,2,Alianza Afirmación para una República Igualitaria,CARRIÓ - GUTIÉRREZ,424085,25.16
Santa Fe,DINE (Excel oficial),DEFINITIVO,2003,GENERAL,3,Alianza Movimiento Federal para Recrear el Crecimiento,LÓPEZ MURPHY - GÓMEZ DIEZ,292124,17.33
Santa Fe,Base propia (PolAr / DINE),PROVISORIO,2007,GENERAL,1,Alianza Frente para la Victoria,Frente para la Victoria,606566,35.22
Santa Fe,Base propia (PolAr / DINE),PROVISORIO,2007,GENERAL,2,Confederación Coalición Cívica,ARI / Coalicion Civica,580616,33.72
Santa Fe,Base propia (PolAr / DINE),PROVISORIO,2007,GENERAL,3,Alianza Concertación UNA,Concertacion (Lavagna),284476,16.52
Santa Fe,DINE (Excel oficial),DEFINITIVO,2007,GENERAL,1,Alianza Frente para la Victoria,FERNÁNDEZ DE KIRCHNER - COBOS,606361,35.5
Santa Fe,DINE (Excel oficial),DEFINITIVO,2007,GENERAL,2,Alianza Confederación Coalición Cívica,CARRIÓ - GIUSTINIANI,582165,34.08
Santa Fe,DINE (Excel oficial),DEFINITIVO,2007,GENERAL,3,Alianza Concertación para una Nación Avanzada,LAVAGNA - MORALES,282702,16.55
Santa Fe,Base propia (PolAr / DINE),PROVISORIO,2011,PASO,1,Alianza Frente para la Victoria,Frente para la Victoria,667186,38.26
Santa Fe,Base propia (PolAr / DINE),PROVISORIO,2011,PASO,2,Alianza Frente Amplio Progresista,Frente Amplio Progresista,577522,33.12
Santa Fe,Base propia (PolAr / DINE),PROVISORIO,2011,PASO,3,Alianza Frente Popular,Frente Popular (Duhalde),204760,11.74
Santa Fe,DINE (Excel oficial),DEFINITIVO,2011,PASO,1,Alianza Frente para la Victoria,FERNÁNDEZ DE KIRCHNER - BOUDOU,676812,37.91
Santa Fe,DINE (Excel oficial),DEFINITIVO,2011,PASO,2,Alianza Frente Amplio Progresista,BINNER - MORANDINI,585682,32.8
Santa Fe,DINE (Excel oficial),DEFINITIVO,2011,PASO,3,Alianza Frente Popular,DUHALDE - DAS NEVES,207293,11.61
Santa Fe,Base propia (PolAr / DINE),PROVISORIO,2011,GENERAL,1,Alianza Frente para la Victoria,Frente para la Victoria,753556,41.97
Santa Fe,Base propia (PolAr / DINE),PROVISORIO,2011,GENERAL,2,Alianza Frente Amplio Progresista,Frente Amplio Progresista,701423,39.07
Santa Fe,Base propia (PolAr / DINE),PROVISORIO,2011,GENERAL,3,Alianza Unión para el Desarrollo Social,UDESO (Alfonsin),102221,5.69
Santa Fe,DINE (Excel oficial),DEFINITIVO,2011,GENERAL,1,Alianza Frente para la Victoria,FERNÁNDEZ DE KIRCHNER - BOUDOU,758721,41.96
Santa Fe,DINE (Excel oficial),DEFINITIVO,2011,GENERAL,2,Alianza Frente Amplio Progresista,BINNER - MORANDINI,707088,39.1
Santa Fe,DINE (Excel oficial),DEFINITIVO,2011,GENERAL,3,Alianza Unión para el Desarrollo Social,ALFONSÍN - GONZÁLEZ FRAGA,103221,5.71
Santa Fe,Base propia (PolAr / DINE),PROVISORIO,2015,PASO,1,ALIANZA FRENTE PARA LA VICTORIA,Frente para la Victoria,547865,32.95
Santa Fe,Base propia (PolAr / DINE),PROVISORIO,2015,PASO,2,ALIANZA CAMBIEMOS,Cambiemos / Juntos por el Cambio,530668,31.92
Santa Fe,Base propia (PolAr / DINE),PROVISORIO,2015,PASO,3,ALIANZA UNIDOS POR UNA NUEVA ALTERNATIVA (UNA),UNA (Massa - De la Sota),367989,22.13
Santa Fe,DINE (Excel oficial),DEFINITIVO,2015,PASO,1,ALIANZA FRENTE PARA LA VICTORIA,,550970,33.03
Santa Fe,DINE (Excel oficial),DEFINITIVO,2015,PASO,2,ALIANZA CAMBIEMOS,,533398,31.97
Santa Fe,DINE (Excel oficial),DEFINITIVO,2015,PASO,3,ALIANZA UNIDOS POR UNA NUEVA ALTERNATIVA (UNA),,368693,22.1
Santa Fe,Base propia (PolAr / DINE),PROVISORIO,2015,GENERAL,1,ALIANZA CAMBIEMOS,Cambiemos / Juntos por el Cambio,710457,35.28
Santa Fe,Base propia (PolAr / DINE),PROVISORIO,2015,GENERAL,2,ALIANZA FRENTE PARA LA VICTORIA,Frente para la Victoria,639977,31.78
Santa Fe,Base propia (PolAr / DINE),PROVISORIO,2015,GENERAL,3,ALIANZA UNIDOS POR UNA NUEVA ALTERNATIVA (UNA),UNA (Massa - De la Sota),499651,24.81
Santa Fe,DINE (Excel oficial),DEFINITIVO,2015,GENERAL,1,ALIANZA CAMBIEMOS,,712100,35.29
Santa Fe,DINE (Excel oficial),DEFINITIVO,2015,GENERAL,2,ALIANZA FRENTE PARA LA VICTORIA,,640924,31.77
Santa Fe,DINE (Excel oficial),DEFINITIVO,2015,GENERAL,3,ALIANZA UNIDOS POR UNA NUEVA ALTERNATIVA (UNA),,500897,24.83
Santa Fe,Base propia (PolAr / DINE),PROVISORIO,2015,BALOTAJE,1,CAMBIEMOS,Cambiemos / Juntos por el Cambio,1137708,55.72
Santa Fe,Base propia (PolAr / DINE),PROVISORIO,2015,BALOTAJE,2,FRENTE PARA LA VICTORIA,Frente para la Victoria,904200,44.28
Santa Fe,DINE (Excel oficial),DEFINITIVO,2015,BALOTAJE,1,ALIANZA CAMBIEMOS,,1141121,55.72
Santa Fe,DINE (Excel oficial),DEFINITIVO,2015,BALOTAJE,2,ALIANZA FRENTE PARA LA VICTORIA,,906826,44.28
Santa Fe,Base propia (PolAr / DINE),PROVISORIO,2019,PASO,1,FRENTE DE TODOS,Frente de Todos / Union por la Patria,873495,44.37
Santa Fe,Base propia (PolAr / DINE),PROVISORIO,2019,PASO,2,JUNTOS POR EL CAMBIO,Cambiemos / Juntos por el Cambio,675170,34.29
Santa Fe,Base propia (PolAr / DINE),PROVISORIO,2019,PASO,3,CONSENSO FEDERAL,Consenso Federal (Lavagna),242800,12.33
Santa Fe,Base propia (PolAr / DINE),PROVISORIO,2019,GENERAL,1,JUNTOS POR EL CAMBIO,Cambiemos / Juntos por el Cambio,934867,43.45
Santa Fe,Base propia (PolAr / DINE),PROVISORIO,2019,GENERAL,2,FRENTE DE TODOS,Frente de Todos / Union por la Patria,919123,42.71
Santa Fe,Base propia (PolAr / DINE),PROVISORIO,2019,GENERAL,3,CONSENSO FEDERAL,Consenso Federal (Lavagna),193502,8.99
Santa Fe,DINE (Excel oficial),DEFINITIVO,2019,GENERAL,1,JUNTOS POR EL CAMBIO,,937611,43.49
Santa Fe,DINE (Excel oficial),DEFINITIVO,2019,GENERAL,2,FRENTE DE TODOS,,920202,42.68
Santa Fe,DINE (Excel oficial),DEFINITIVO,2019,GENERAL,3,CONSENSO FEDERAL,,193603,8.98
Santa Fe,Base propia (PolAr / DINE),PROVISORIO,2023,PASO,1,LA LIBERTAD AVANZA,La Libertad Avanza,646315,36.49
Santa Fe,Base propia (PolAr / DINE),PROVISORIO,2023,PASO,2,JUNTOS POR EL CAMBIO,Cambiemos / Juntos por el Cambio,579867,32.74
Santa Fe,Base propia (PolAr / DINE),PROVISORIO,2023,PASO,3,UNION POR LA PATRIA,Frente de Todos / Union por la Patria,386865,21.84
Santa Fe,Base propia (PolAr / DINE),PROVISORIO,2023,GENERAL,1,LA LIBERTAD AVANZA,La Libertad Avanza,657813,32.48
Santa Fe,Base propia (PolAr / DINE),PROVISORIO,2023,GENERAL,2,UNION POR LA PATRIA,Frente de Todos / Union por la Patria,601241,29.68
Santa Fe,Base propia (PolAr / DINE),PROVISORIO,2023,GENERAL,3,JUNTOS POR EL CAMBIO,Cambiemos / Juntos por el Cambio,544677,26.89
Santa Fe,DINE (CSV de mesas),PROVISORIO,2023,GENERAL,1,LA LIBERTAD AVANZA,,657813,32.48
Santa Fe,DINE (CSV de mesas),PROVISORIO,2023,GENERAL,2,UNION POR LA PATRIA,,601241,29.68
Santa Fe,DINE (CSV de mesas),PROVISORIO,2023,GENERAL,3,JUNTOS POR EL CAMBIO,,544677,26.89
Santa Fe,Base propia (PolAr / DINE),PROVISORIO,2023,BALOTAJE,1,LA LIBERTAD AVANZA,La Libertad Avanza,1278243,62.82
Santa Fe,Base propia (PolAr / DINE),PROVISORIO,2023,BALOTAJE,2,UNION POR LA PATRIA,Frente de Todos / Union por la Patria,756388,37.18
