anio,instancia,puesto,frente_etiqueta_oficial,posicion_provisoria,nivel_evidencia,fuente_y_pagina,nota
2003,GENERAL,1,Alianza Frente por la Lealtad - Unión del Centro Democrático,sin ubicación,sin evidencia,,Menem. Murillo y Oliveros (p. 170) describen al peronismo anterior a 2003 como coalición no ideológica; ninguna fuente lo ubica.
2003,GENERAL,2,Alianza Afirmación para una República Igualitaria,centroizquierda,explícita (relativa a la UCR),"Malamud (2004), p. 145",Carrió. «Por izquierda» respecto de la UCR; no es una ubicación absoluta.
2003,GENERAL,3,Alianza Movimiento Federal para Recrear el Crecimiento,centroderecha,explícita (relativa a la UCR),"Malamud (2004), p. 145",López Murphy. «Por derecha» respecto de la UCR.
2007,GENERAL,1,Alianza Frente para la Victoria,centroizquierda,"extrapolada (misma fuente, años siguientes a 2003)","Murillo y Oliveros (2024), p. 170",Peronismo kirchnerista con ala conservadora (gobernadores del Norte).
2007,GENERAL,2,Alianza Confederación Coalición Cívica,sin ubicación,sin evidencia,,Incluye al Partido Socialista (DINE). Las fuentes leídas no lo ubican en 2007.
2007,GENERAL,3,Alianza Concertación para una Nación Avanzada,sin ubicación,sin evidencia,,
2011,PASO,1,Alianza Frente para la Victoria,centroizquierda,"extrapolada (misma fuente, años siguientes a 2003)","Murillo y Oliveros (2024), p. 170",Peronismo kirchnerista con ala conservadora (gobernadores del Norte).
2011,PASO,2,Alianza Frente Amplio Progresista,sin ubicación,sin evidencia,"Murillo, Rubio y Mangonnet (2016), p. 11 (nota 16)",Sin ubicación directa. Solo se menciona una propuesta de 'coalición de centroizquierda con el socialismo'.
2011,PASO,3,Alianza Frente Popular,sin ubicación,sin evidencia,,
2011,GENERAL,1,Alianza Frente para la Victoria,centroizquierda,"extrapolada (misma fuente, años siguientes a 2003)","Murillo y Oliveros (2024), p. 170",Peronismo kirchnerista con ala conservadora (gobernadores del Norte).
2011,GENERAL,2,Alianza Frente Amplio Progresista,sin ubicación,sin evidencia,"Murillo, Rubio y Mangonnet (2016), p. 11 (nota 16)",Sin ubicación directa. Solo se menciona una propuesta de 'coalición de centroizquierda con el socialismo'.
2011,GENERAL,3,Alianza Unión para el Desarrollo Social,sin ubicación,sin evidencia,,
2015,PASO,1,ALIANZA FRENTE PARA LA VICTORIA,centroizquierda,"extrapolada (misma fuente, años siguientes a 2003)","Murillo y Oliveros (2024), p. 170","Peronismo kirchnerista con ala conservadora (gobernadores del Norte). Candidatura de Scioli, rechazada por el núcleo duro kirchnerista (MRM, p. 12)."
2015,PASO,2,ALIANZA CAMBIEMOS,centroderecha,explícita (tres fuentes),"Murillo, Rubio y Mangonnet (2016), p. 12; Murillo y Oliveros (2024), p. 170; Scaramella (2025), p. 104",Socio hegemónico: PRO (centroderecha). Murillo y Oliveros llaman a la oferta 'centroderecha' y al PRO 'derecha'.
2015,PASO,3,ALIANZA UNIDOS POR UNA NUEVA ALTERNATIVA (UNA),sin ubicación,sin evidencia,"Murillo, Rubio y Mangonnet (2016), pp. 12-13",'Refugio del peronismo disidente'; sin etiqueta ideológica.
2015,GENERAL,1,ALIANZA CAMBIEMOS,centroderecha,explícita (tres fuentes),"Murillo, Rubio y Mangonnet (2016), p. 12; Murillo y Oliveros (2024), p. 170; Scaramella (2025), p. 104",Socio hegemónico: PRO (centroderecha). Murillo y Oliveros llaman a la oferta 'centroderecha' y al PRO 'derecha'.
2015,GENERAL,2,ALIANZA FRENTE PARA LA VICTORIA,centroizquierda,"extrapolada (misma fuente, años siguientes a 2003)","Murillo y Oliveros (2024), p. 170","Peronismo kirchnerista con ala conservadora (gobernadores del Norte). Candidatura de Scioli, rechazada por el núcleo duro kirchnerista (MRM, p. 12)."
2015,GENERAL,3,ALIANZA UNIDOS POR UNA NUEVA ALTERNATIVA (UNA),sin ubicación,sin evidencia,"Murillo, Rubio y Mangonnet (2016), pp. 12-13",'Refugio del peronismo disidente'; sin etiqueta ideológica.
2015,BALOTAJE,1,ALIANZA CAMBIEMOS,centroderecha,explícita (tres fuentes),"Murillo, Rubio y Mangonnet (2016), p. 12; Murillo y Oliveros (2024), p. 170; Scaramella (2025), p. 104",Socio hegemónico: PRO (centroderecha). Murillo y Oliveros llaman a la oferta 'centroderecha' y al PRO 'derecha'.
2015,BALOTAJE,2,ALIANZA FRENTE PARA LA VICTORIA,centroizquierda,"extrapolada (misma fuente, años siguientes a 2003)","Murillo y Oliveros (2024), p. 170","Peronismo kirchnerista con ala conservadora (gobernadores del Norte). Candidatura de Scioli, rechazada por el núcleo duro kirchnerista (MRM, p. 12)."
2019,PASO,1,FRENTE DE TODOS,centroizquierda,extrapolada débil (continuidad nominal),"Scaramella (2025), p. 104; Murillo y Oliveros (2024), p. 170",Mismo sello que UxP según Scaramella. Ninguna fuente le da etiqueta ideológica propia.
2019,PASO,2,JUNTOS POR EL CAMBIO,centroderecha,extrapolada (continuidad nominal explícita con Cambiemos),"Murillo y Oliveros (2024), pp. 177-178",JxC es el nombre que toma Cambiemos; sin cita específica para 2019.
2019,PASO,3,CONSENSO FEDERAL,sin ubicación,sin evidencia,,
2019,GENERAL,1,JUNTOS POR EL CAMBIO,centroderecha,extrapolada (continuidad nominal explícita con Cambiemos),"Murillo y Oliveros (2024), pp. 177-178",JxC es el nombre que toma Cambiemos; sin cita específica para 2019.
2019,GENERAL,2,FRENTE DE TODOS,centroizquierda,extrapolada débil (continuidad nominal),"Scaramella (2025), p. 104; Murillo y Oliveros (2024), p. 170",Mismo sello que UxP según Scaramella. Ninguna fuente le da etiqueta ideológica propia.
2019,GENERAL,3,CONSENSO FEDERAL,sin ubicación,sin evidencia,,
2023,PASO,1,LA LIBERTAD AVANZA,derecha radical,explícita,"Murillo y Oliveros (2024), pp. 161-163, 171, 173","Extrema derecha económica, conservadora en lo social, con 'tintes autoritarios' respecto de las instituciones."
2023,PASO,2,JUNTOS POR EL CAMBIO,derecha,explícita (ala dominante),"Murillo y Oliveros (2024), pp. 171, 178","Candidata Bullrich, ala de derecha; el ala de Rodríguez Larreta se ubica más al centro."
2023,PASO,3,UNION POR LA PATRIA,centroizquierda,extrapolada débil (continuidad nominal),"Scaramella (2025), p. 104; Murillo y Oliveros (2024), p. 164","Coalición peronista gobernante, heterogénea. Ninguna fuente le da etiqueta ideológica propia."
2023,GENERAL,1,LA LIBERTAD AVANZA,derecha radical,explícita,"Murillo y Oliveros (2024), pp. 161-163, 171, 173","Extrema derecha económica, conservadora en lo social, con 'tintes autoritarios' respecto de las instituciones."
2023,GENERAL,2,UNION POR LA PATRIA,centroizquierda,extrapolada débil (continuidad nominal),"Scaramella (2025), p. 104; Murillo y Oliveros (2024), p. 164","Coalición peronista gobernante, heterogénea. Ninguna fuente le da etiqueta ideológica propia."
2023,GENERAL,3,JUNTOS POR EL CAMBIO,derecha,explícita (ala dominante),"Murillo y Oliveros (2024), pp. 171, 178","Candidata Bullrich, ala de derecha; el ala de Rodríguez Larreta se ubica más al centro."
2023,BALOTAJE,1,LA LIBERTAD AVANZA,derecha radical,explícita,"Murillo y Oliveros (2024), pp. 161-163, 171, 173","Extrema derecha económica, conservadora en lo social, con 'tintes autoritarios' respecto de las instituciones."
2023,BALOTAJE,2,UNION POR LA PATRIA,centroizquierda,extrapolada débil (continuidad nominal),"Scaramella (2025), p. 104; Murillo y Oliveros (2024), p. 164","Coalición peronista gobernante, heterogénea. Ninguna fuente le da etiqueta ideológica propia."
