familia,igualitarismo,posicion,posicion_nombre,eje_libertad,confianza,respaldo_en_las_fuentes,nota
Izquierda,1.0,1,Izquierda,sin evidencia de rechazo al orden democrático,media,"Murillo, Rubio y Mangonnet (2016: 16): bloque «Izquierda»; Murillo y Oliveros (2024: 164 n. 6, 169, 182)",Polo igualitario de la escala. La etiqueta de bloque no permite hablar de extrema izquierda en el sentido de Bobbio
Socialismo,2.0,2,Centroizquierda,democrática y liberal,media,"Murillo, Rubio y Mangonnet (2016: 16, 19): bloque PS-GEN / Frente Progresista, sin etiqueta ideológica propia",Codificación de investigación: igualitarismo reformista dentro del marco liberal-democrático (centroizquierda en el sentido de Bobbio)
Centroizquierda no peronista,2.2,2,Centroizquierda,democrática y liberal,baja,Sin etiqueta explícita en las fuentes extraídas (Proyecto Sur y fuerzas afines),Codificación de investigación. Ningún circuito la tiene como ganadora en las comparaciones
Kirchnerismo,2.3,2,Centroizquierda,democrática y liberal,alta,"Murillo y Oliveros (2024: 170): el kirchnerismo reconfigura el polo peronista «hacia la centroizquierda, aunque aún en alianza con los sectores más conservadores»",La posición está respaldada; el igualitarismo algo atenuado por las alianzas explica que quede a la derecha del Socialismo
Centro progresista no peronista,2.6,2,Centroizquierda,democrática y liberal,media,Malamud (2004: 145): el ARI sale de la UCR «por izquierda»; Scaramella (2025: 104): la Coalición Cívica es de «matriz liberal y reformista»,Reformismo liberal: el menos igualitario de la centroizquierda
Union Civica Radical,3.0,3,Centro,democrática y liberal,media,"Scaramella (2025: 104): «partido de tipo catch-all, históricamente federal»","Sin posición explícita en las fuentes. En el sentido de Bobbio, el centro concilia posiciones de ambos polos"
Peronismo Federal,3.3,3,Centro,democrática y liberal,media,"Scaramella (2025: 104, 115): peronismo no kirchnerista, facciones provinciales opositoras al gobierno nacional; Murillo y Oliveros (2024: 166, 170): «peronismo disidente» y sectores más conservadores","Sin etiqueta ideológica en las fuentes. Queda a la derecha del Kirchnerismo, del que se distingue por incluir a los sectores más conservadores"
Cambiemos,4.0,4,Centroderecha,democrática y liberal,alta,"Scaramella (2025: 104): PRO de «orientación centroderecha y corte liberal-republicano»; Murillo, Rubio y Mangonnet (2016: 12); Murillo y Oliveros (2024: 170)",Alianzas de Cambiemos y Juntos por el Cambio
Centroderecha liberal,4.3,4,Centroderecha,democrática y liberal,media,Malamud (2004: 145): Recrear sale de la UCR «por derecha»; Scaramella (2025: 104): orientación liberal,Más inigualitaria que Cambiemos por su liberalismo económico
Derecha nacionalista,4.7,5,Derecha radical,sin evidencia,baja,Sin etiqueta explícita en las fuentes extraídas,Codificación de investigación. Ningún circuito la tiene como ganadora en las comparaciones
Derecha libertaria,4.8,5,Derecha radical,sin evidencia,baja,"Fuerzas libertarias anteriores a 2023 (Unite, 2019); ver docs/CRITERIO_DERECHA_LIBERTARIA.md",Ningún circuito la tiene como ganadora en las comparaciones
La Libertad Avanza,5.0,5,Derecha radical,con tintes autoritarios hacia las instituciones democráticas,alta,"Murillo y Oliveros (2024: 161-163): «extrema derecha» y «derecha radical global», ultraliberal en lo económico y conservadora en lo social «con tintes autoritarios»; (2024: 171, 173): actitudes autoritarias y menor compromiso con la democracia",Única familia que reúne rasgos inigualitarios y antiliberales (extrema derecha en el sentido de Bobbio)
