anio,instancia,agrupacion_original,agrupacion_homologada,familia,departamento,votos
2019,GENERAL,UNITE POR LA LIBERTAD Y LA DIGNIDAD,Unite (Espert),Derecha libertaria,Belgrano,403
2019,GENERAL,UNITE POR LA LIBERTAD Y LA DIGNIDAD,Unite (Espert),Derecha libertaria,Caseros,1135
2019,GENERAL,UNITE POR LA LIBERTAD Y LA DIGNIDAD,Unite (Espert),Derecha libertaria,Castellanos,1823
2019,GENERAL,UNITE POR LA LIBERTAD Y LA DIGNIDAD,Unite (Espert),Derecha libertaria,Constitución,1206
2019,GENERAL,UNITE POR LA LIBERTAD Y LA DIGNIDAD,Unite (Espert),Derecha libertaria,Garay,141
2019,GENERAL,UNITE POR LA LIBERTAD Y LA DIGNIDAD,Unite (Espert),Derecha libertaria,General López,2264
2019,GENERAL,UNITE POR LA LIBERTAD Y LA DIGNIDAD,Unite (Espert),Derecha libertaria,General Obligado,1533
2019,GENERAL,UNITE POR LA LIBERTAD Y LA DIGNIDAD,Unite (Espert),Derecha libertaria,Iriondo,860
2019,GENERAL,UNITE POR LA LIBERTAD Y LA DIGNIDAD,Unite (Espert),Derecha libertaria,La Capital,7723
2019,GENERAL,UNITE POR LA LIBERTAD Y LA DIGNIDAD,Unite (Espert),Derecha libertaria,Las Colonias,1238
2019,GENERAL,UNITE POR LA LIBERTAD Y LA DIGNIDAD,Unite (Espert),Derecha libertaria,Nueve de Julio,162
2019,GENERAL,UNITE POR LA LIBERTAD Y LA DIGNIDAD,Unite (Espert),Derecha libertaria,Rosario,16284
2019,GENERAL,UNITE POR LA LIBERTAD Y LA DIGNIDAD,Unite (Espert),Derecha libertaria,San Cristóbal,522
2019,GENERAL,UNITE POR LA LIBERTAD Y LA DIGNIDAD,Unite (Espert),Derecha libertaria,San Javier,185
2019,GENERAL,UNITE POR LA LIBERTAD Y LA DIGNIDAD,Unite (Espert),Derecha libertaria,San Jerónimo,1001
2019,GENERAL,UNITE POR LA LIBERTAD Y LA DIGNIDAD,Unite (Espert),Derecha libertaria,San Justo,405
2019,GENERAL,UNITE POR LA LIBERTAD Y LA DIGNIDAD,Unite (Espert),Derecha libertaria,San Lorenzo,2390
2019,GENERAL,UNITE POR LA LIBERTAD Y LA DIGNIDAD,Unite (Espert),Derecha libertaria,San Martín,715
2019,GENERAL,UNITE POR LA LIBERTAD Y LA DIGNIDAD,Unite (Espert),Derecha libertaria,Vera,325
2019,PASO,UNITE POR LA LIBERTAD Y LA DIGNIDAD,Unite (Espert),Derecha libertaria,BELGRANO,714
2019,PASO,UNITE POR LA LIBERTAD Y LA DIGNIDAD,Unite (Espert),Derecha libertaria,CASEROS,1715
2019,PASO,UNITE POR LA LIBERTAD Y LA DIGNIDAD,Unite (Espert),Derecha libertaria,CASTELLANOS,2780
2019,PASO,UNITE POR LA LIBERTAD Y LA DIGNIDAD,Unite (Espert),Derecha libertaria,CONSTITUCIÓN,1729
2019,PASO,UNITE POR LA LIBERTAD Y LA DIGNIDAD,Unite (Espert),Derecha libertaria,GARAY,197
2019,PASO,UNITE POR LA LIBERTAD Y LA DIGNIDAD,Unite (Espert),Derecha libertaria,GENERAL LÓPEZ,3322
2019,PASO,UNITE POR LA LIBERTAD Y LA DIGNIDAD,Unite (Espert),Derecha libertaria,GENERAL OBLIGADO,2525
2019,PASO,UNITE POR LA LIBERTAD Y LA DIGNIDAD,Unite (Espert),Derecha libertaria,IRIONDO,1245
2019,PASO,UNITE POR LA LIBERTAD Y LA DIGNIDAD,Unite (Espert),Derecha libertaria,LA CAPITAL,9871
2019,PASO,UNITE POR LA LIBERTAD Y LA DIGNIDAD,Unite (Espert),Derecha libertaria,LAS COLONIAS,2293
2019,PASO,UNITE POR LA LIBERTAD Y LA DIGNIDAD,Unite (Espert),Derecha libertaria,NUEVE DE JULIO,227
2019,PASO,UNITE POR LA LIBERTAD Y LA DIGNIDAD,Unite (Espert),Derecha libertaria,ROSARIO,24165
2019,PASO,UNITE POR LA LIBERTAD Y LA DIGNIDAD,Unite (Espert),Derecha libertaria,SAN CRISTÓBAL,655
2019,PASO,UNITE POR LA LIBERTAD Y LA DIGNIDAD,Unite (Espert),Derecha libertaria,SAN JAVIER,303
2019,PASO,UNITE POR LA LIBERTAD Y LA DIGNIDAD,Unite (Espert),Derecha libertaria,SAN JERÓNIMO,1467
2019,PASO,UNITE POR LA LIBERTAD Y LA DIGNIDAD,Unite (Espert),Derecha libertaria,SAN JUSTO,543
2019,PASO,UNITE POR LA LIBERTAD Y LA DIGNIDAD,Unite (Espert),Derecha libertaria,SAN LORENZO,3405
2019,PASO,UNITE POR LA LIBERTAD Y LA DIGNIDAD,Unite (Espert),Derecha libertaria,SAN MARTÍN,1085
2019,PASO,UNITE POR LA LIBERTAD Y LA DIGNIDAD,Unite (Espert),Derecha libertaria,VERA,446
