anio,instancia,fecha,distrito,seccion,localidad,mesas,electores,archivo_origen
2007,GENERAL,2007-10-28,Santa Fe,Castellanos,Ataliva,4,1428,2007_GENERAL_DIST21_santafe_presidente.xlsx
2007,GENERAL,2007-10-28,Santa Fe,Castellanos,Colonia Aldao,4,1305,2007_GENERAL_DIST21_santafe_presidente.xlsx
2007,GENERAL,2007-10-28,Santa Fe,Castellanos,Frontera,15,5992,2007_GENERAL_DIST21_santafe_presidente.xlsx
2007,GENERAL,2007-10-28,Santa Fe,Castellanos,Humberto Primo,10,4039,2007_GENERAL_DIST21_santafe_presidente.xlsx
2007,GENERAL,2007-10-28,Santa Fe,Castellanos,Josefina,3,956,2007_GENERAL_DIST21_santafe_presidente.xlsx
2007,GENERAL,2007-10-28,Santa Fe,Castellanos,Lehmann,6,2089,2007_GENERAL_DIST21_santafe_presidente.xlsx
2007,GENERAL,2007-10-28,Santa Fe,Castellanos,María Juana,10,3850,2007_GENERAL_DIST21_santafe_presidente.xlsx
2007,GENERAL,2007-10-28,Santa Fe,Castellanos,Ramona,4,1456,2007_GENERAL_DIST21_santafe_presidente.xlsx
2007,GENERAL,2007-10-28,Santa Fe,Castellanos,San Vicente,12,4873,2007_GENERAL_DIST21_santafe_presidente.xlsx
2007,GENERAL,2007-10-28,Santa Fe,Castellanos,Santa Clara de Saguier,5,1790,2007_GENERAL_DIST21_santafe_presidente.xlsx
2007,GENERAL,2007-10-28,Santa Fe,Castellanos,Sunchales,24,15093,2007_GENERAL_DIST21_santafe_presidente.xlsx
2007,GENERAL,2007-10-28,Santa Fe,Castellanos,Zenón Pereyra,4,1513,2007_GENERAL_DIST21_santafe_presidente.xlsx
2007,GENERAL,2007-10-28,Santa Fe,Las Colonias,Esperanza,62,27747,2007_GENERAL_DIST21_santafe_presidente.xlsx
2007,GENERAL,2007-10-28,Santa Fe,Las Colonias,Felicia,4,1792,2007_GENERAL_DIST21_santafe_presidente.xlsx
2007,GENERAL,2007-10-28,Santa Fe,Las Colonias,Franck,10,3674,2007_GENERAL_DIST21_santafe_presidente.xlsx
2007,GENERAL,2007-10-28,Santa Fe,Las Colonias,Humboldt,8,3443,2007_GENERAL_DIST21_santafe_presidente.xlsx
2007,GENERAL,2007-10-28,Santa Fe,Las Colonias,Pilar,9,3525,2007_GENERAL_DIST21_santafe_presidente.xlsx
2007,GENERAL,2007-10-28,Santa Fe,Las Colonias,Progreso,4,1680,2007_GENERAL_DIST21_santafe_presidente.xlsx
2007,GENERAL,2007-10-28,Santa Fe,Las Colonias,San Carlos Centro,20,8538,2007_GENERAL_DIST21_santafe_presidente.xlsx
2007,GENERAL,2007-10-28,Santa Fe,Las Colonias,San Carlos Sud,4,1560,2007_GENERAL_DIST21_santafe_presidente.xlsx
2007,GENERAL,2007-10-28,Santa Fe,Las Colonias,San Jerónimo Norte,12,5027,2007_GENERAL_DIST21_santafe_presidente.xlsx
2007,GENERAL,2007-10-28,Santa Fe,Las Colonias,Santa Clara de Buena Vista,6,2211,2007_GENERAL_DIST21_santafe_presidente.xlsx
2007,GENERAL,2007-10-28,Santa Fe,San Martín,Carlos Pellegrini,10,3916,2007_GENERAL_DIST21_santafe_presidente.xlsx
2007,GENERAL,2007-10-28,Santa Fe,San Martín,Cañada Rosquín,10,4005,2007_GENERAL_DIST21_santafe_presidente.xlsx
2007,GENERAL,2007-10-28,Santa Fe,San Martín,El Trébol,19,8329,2007_GENERAL_DIST21_santafe_presidente.xlsx
2007,GENERAL,2007-10-28,Santa Fe,San Martín,María Susana,7,2737,2007_GENERAL_DIST21_santafe_presidente.xlsx
2007,GENERAL,2007-10-28,Santa Fe,San Martín,Piamonte,7,2738,2007_GENERAL_DIST21_santafe_presidente.xlsx
2007,GENERAL,2007-10-28,Santa Fe,San Martín,San Jorge,31,13409,2007_GENERAL_DIST21_santafe_presidente.xlsx
2007,GENERAL,2007-10-28,Santa Fe,San Martín,San Martín de las Escobas,6,2009,2007_GENERAL_DIST21_santafe_presidente.xlsx
2007,GENERAL,2007-10-28,Santa Fe,San Martín,Sastre y Ortiz,11,4556,2007_GENERAL_DIST21_santafe_presidente.xlsx
2011,GENERAL,2011-10-23,Santa Fe,Castellanos,Ataliva,5,1490,2011_GENERAL_DIST21_santafe_presidente.xlsx
2011,GENERAL,2011-10-23,Santa Fe,Castellanos,Colonia Aldao,5,1404,2011_GENERAL_DIST21_santafe_presidente.xlsx
2011,GENERAL,2011-10-23,Santa Fe,Castellanos,Frontera,18,6282,2011_GENERAL_DIST21_santafe_presidente.xlsx
2011,GENERAL,2011-10-23,Santa Fe,Castellanos,Humberto Primo,12,4176,2011_GENERAL_DIST21_santafe_presidente.xlsx
2011,GENERAL,2011-10-23,Santa Fe,Castellanos,Josefina,4,1100,2011_GENERAL_DIST21_santafe_presidente.xlsx
2011,GENERAL,2011-10-23,Santa Fe,Castellanos,Lehmann,7,2285,2011_GENERAL_DIST21_santafe_presidente.xlsx
2011,GENERAL,2011-10-23,Santa Fe,Castellanos,María Juana,12,4030,2011_GENERAL_DIST21_santafe_presidente.xlsx
2011,GENERAL,2011-10-23,Santa Fe,Castellanos,Ramona,5,1538,2011_GENERAL_DIST21_santafe_presidente.xlsx
2011,GENERAL,2011-10-23,Santa Fe,Castellanos,San Vicente,15,4953,2011_GENERAL_DIST21_santafe_presidente.xlsx
2011,GENERAL,2011-10-23,Santa Fe,Castellanos,Santa Clara de Saguier,6,1811,2011_GENERAL_DIST21_santafe_presidente.xlsx
2011,GENERAL,2011-10-23,Santa Fe,Castellanos,Sunchales,48,16488,2011_GENERAL_DIST21_santafe_presidente.xlsx
2011,GENERAL,2011-10-23,Santa Fe,Castellanos,Zenón Pereyra,5,1487,2011_GENERAL_DIST21_santafe_presidente.xlsx
2011,GENERAL,2011-10-23,Santa Fe,Las Colonias,Esperanza,84,29186,2011_GENERAL_DIST21_santafe_presidente.xlsx
2011,GENERAL,2011-10-23,Santa Fe,Las Colonias,Felicia,6,1852,2011_GENERAL_DIST21_santafe_presidente.xlsx
2011,GENERAL,2011-10-23,Santa Fe,Las Colonias,Franck,12,4008,2011_GENERAL_DIST21_santafe_presidente.xlsx
2011,GENERAL,2011-10-23,Santa Fe,Las Colonias,Humboldt,11,3614,2011_GENERAL_DIST21_santafe_presidente.xlsx
2011,GENERAL,2011-10-23,Santa Fe,Las Colonias,Pilar,11,3726,2011_GENERAL_DIST21_santafe_presidente.xlsx
2011,GENERAL,2011-10-23,Santa Fe,Las Colonias,Progreso,6,1767,2011_GENERAL_DIST21_santafe_presidente.xlsx
2011,GENERAL,2011-10-23,Santa Fe,Las Colonias,San Carlos Centro,26,9033,2011_GENERAL_DIST21_santafe_presidente.xlsx
2011,GENERAL,2011-10-23,Santa Fe,Las Colonias,San Carlos Sud,4,1289,2011_GENERAL_DIST21_santafe_presidente.xlsx
2011,GENERAL,2011-10-23,Santa Fe,Las Colonias,San Jerónimo Norte,15,5210,2011_GENERAL_DIST21_santafe_presidente.xlsx
2011,GENERAL,2011-10-23,Santa Fe,Las Colonias,Santa Clara de Buena Vista,7,2275,2011_GENERAL_DIST21_santafe_presidente.xlsx
2011,GENERAL,2011-10-23,Santa Fe,San Martín,Carlos Pellegrini,12,4135,2011_GENERAL_DIST21_santafe_presidente.xlsx
2011,GENERAL,2011-10-23,Santa Fe,San Martín,Cañada Rosquín,12,4133,2011_GENERAL_DIST21_santafe_presidente.xlsx
2011,GENERAL,2011-10-23,Santa Fe,San Martín,El Trébol,26,8953,2011_GENERAL_DIST21_santafe_presidente.xlsx
2011,GENERAL,2011-10-23,Santa Fe,San Martín,María Susana,8,2787,2011_GENERAL_DIST21_santafe_presidente.xlsx
2011,GENERAL,2011-10-23,Santa Fe,San Martín,Piamonte,8,2712,2011_GENERAL_DIST21_santafe_presidente.xlsx
2011,GENERAL,2011-10-23,Santa Fe,San Martín,San Jorge,41,14217,2011_GENERAL_DIST21_santafe_presidente.xlsx
2011,GENERAL,2011-10-23,Santa Fe,San Martín,San Martín de las Escobas,6,2070,2011_GENERAL_DIST21_santafe_presidente.xlsx
2011,GENERAL,2011-10-23,Santa Fe,San Martín,Sastre y Ortiz,14,4619,2011_GENERAL_DIST21_santafe_presidente.xlsx
2015,GENERAL,2015-10-25,Santa Fe,Castellanos,Ataliva,5,1671,2015_GENERAL_DIST21_santafe_presidente.xlsx
2015,GENERAL,2015-10-25,Santa Fe,Castellanos,Colonia Aldao,5,1571,2015_GENERAL_DIST21_santafe_presidente.xlsx
2015,GENERAL,2015-10-25,Santa Fe,Castellanos,Frontera,22,7486,2015_GENERAL_DIST21_santafe_presidente.xlsx
2015,GENERAL,2015-10-25,Santa Fe,Castellanos,Humberto Primo,14,4690,2015_GENERAL_DIST21_santafe_presidente.xlsx
2015,GENERAL,2015-10-25,Santa Fe,Castellanos,Josefina,4,1403,2015_GENERAL_DIST21_santafe_presidente.xlsx
2015,GENERAL,2015-10-25,Santa Fe,Castellanos,Lehmann,7,2449,2015_GENERAL_DIST21_santafe_presidente.xlsx
2015,GENERAL,2015-10-25,Santa Fe,Castellanos,María Juana,13,4344,2015_GENERAL_DIST21_santafe_presidente.xlsx
2015,GENERAL,2015-10-25,Santa Fe,Castellanos,Ramona,5,1628,2015_GENERAL_DIST21_santafe_presidente.xlsx
2015,GENERAL,2015-10-25,Santa Fe,Castellanos,San Vicente,15,5054,2015_GENERAL_DIST21_santafe_presidente.xlsx
2015,GENERAL,2015-10-25,Santa Fe,Castellanos,Santa Clara de Saguier,5,1554,2015_GENERAL_DIST21_santafe_presidente.xlsx
2015,GENERAL,2015-10-25,Santa Fe,Castellanos,Sunchales,51,17688,2015_GENERAL_DIST21_santafe_presidente.xlsx
2015,GENERAL,2015-10-25,Santa Fe,Castellanos,Zenón Pereyra,5,1466,2015_GENERAL_DIST21_santafe_presidente.xlsx
2015,GENERAL,2015-10-25,Santa Fe,Las Colonias,Esperanza,94,32737,2015_GENERAL_DIST21_santafe_presidente.xlsx
2015,GENERAL,2015-10-25,Santa Fe,Las Colonias,Felicia,6,1951,2015_GENERAL_DIST21_santafe_presidente.xlsx
2015,GENERAL,2015-10-25,Santa Fe,Las Colonias,Franck,14,4712,2015_GENERAL_DIST21_santafe_presidente.xlsx
2015,GENERAL,2015-10-25,Santa Fe,Las Colonias,Humboldt,12,4047,2015_GENERAL_DIST21_santafe_presidente.xlsx
2015,GENERAL,2015-10-25,Santa Fe,Las Colonias,Pilar,12,4144,2015_GENERAL_DIST21_santafe_presidente.xlsx
2015,GENERAL,2015-10-25,Santa Fe,Las Colonias,Progreso,6,1998,2015_GENERAL_DIST21_santafe_presidente.xlsx
2015,GENERAL,2015-10-25,Santa Fe,Las Colonias,San Carlos Centro,28,9671,2015_GENERAL_DIST21_santafe_presidente.xlsx
2015,GENERAL,2015-10-25,Santa Fe,Las Colonias,San Carlos Sud,6,1829,2015_GENERAL_DIST21_santafe_presidente.xlsx
2015,GENERAL,2015-10-25,Santa Fe,Las Colonias,San Jerónimo Norte,16,5588,2015_GENERAL_DIST21_santafe_presidente.xlsx
2015,GENERAL,2015-10-25,Santa Fe,Las Colonias,Santa Clara de Buena Vista,8,2519,2015_GENERAL_DIST21_santafe_presidente.xlsx
2015,GENERAL,2015-10-25,Santa Fe,San Martín,Carlos Pellegrini,14,4576,2015_GENERAL_DIST21_santafe_presidente.xlsx
2015,GENERAL,2015-10-25,Santa Fe,San Martín,Cañada Rosquín,12,4109,2015_GENERAL_DIST21_santafe_presidente.xlsx
2015,GENERAL,2015-10-25,Santa Fe,San Martín,El Trébol,29,9940,2015_GENERAL_DIST21_santafe_presidente.xlsx
2015,GENERAL,2015-10-25,Santa Fe,San Martín,María Susana,9,2861,2015_GENERAL_DIST21_santafe_presidente.xlsx
2015,GENERAL,2015-10-25,Santa Fe,San Martín,Piamonte,9,2873,2015_GENERAL_DIST21_santafe_presidente.xlsx
2015,GENERAL,2015-10-25,Santa Fe,San Martín,San Jorge,44,15366,2015_GENERAL_DIST21_santafe_presidente.xlsx
2015,GENERAL,2015-10-25,Santa Fe,San Martín,San Martín de las Escobas,7,2337,2015_GENERAL_DIST21_santafe_presidente.xlsx
2015,GENERAL,2015-10-25,Santa Fe,San Martín,Sastre y Ortiz,14,4900,2015_GENERAL_DIST21_santafe_presidente.xlsx
2019,GENERAL,2019-10-27,Santa Fe,Castellanos,Ataliva,5,1715,2019_GENERAL_DIST21_santafe_presidente.xlsx
2019,GENERAL,2019-10-27,Santa Fe,Castellanos,Colonia Aldao,5,1615,2019_GENERAL_DIST21_santafe_presidente.xlsx
2019,GENERAL,2019-10-27,Santa Fe,Castellanos,Frontera,21,7033,2019_GENERAL_DIST21_santafe_presidente.xlsx
2019,GENERAL,2019-10-27,Santa Fe,Castellanos,Humberto Primo,14,4724,2019_GENERAL_DIST21_santafe_presidente.xlsx
2019,GENERAL,2019-10-27,Santa Fe,Castellanos,Josefina,3,706,2019_GENERAL_DIST21_santafe_presidente.xlsx
2019,GENERAL,2019-10-27,Santa Fe,Castellanos,Lehmann,8,2516,2019_GENERAL_DIST21_santafe_presidente.xlsx
2019,GENERAL,2019-10-27,Santa Fe,Castellanos,María Juana,13,4339,2019_GENERAL_DIST21_santafe_presidente.xlsx
2019,GENERAL,2019-10-27,Santa Fe,Castellanos,Ramona,5,1620,2019_GENERAL_DIST21_santafe_presidente.xlsx
2019,GENERAL,2019-10-27,Santa Fe,Castellanos,San Vicente,15,5167,2019_GENERAL_DIST21_santafe_presidente.xlsx
2019,GENERAL,2019-10-27,Santa Fe,Castellanos,Santa Clara de Saguier,6,1814,2019_GENERAL_DIST21_santafe_presidente.xlsx
2019,GENERAL,2019-10-27,Santa Fe,Castellanos,Sunchales,54,18873,2019_GENERAL_DIST21_santafe_presidente.xlsx
2019,GENERAL,2019-10-27,Santa Fe,Castellanos,Zenón Pereyra,5,1449,2019_GENERAL_DIST21_santafe_presidente.xlsx
2019,GENERAL,2019-10-27,Santa Fe,Las Colonias,Esperanza,100,34680,2019_GENERAL_DIST21_santafe_presidente.xlsx
2019,GENERAL,2019-10-27,Santa Fe,Las Colonias,Felicia,6,1956,2019_GENERAL_DIST21_santafe_presidente.xlsx
2019,GENERAL,2019-10-27,Santa Fe,Las Colonias,Franck,15,5043,2019_GENERAL_DIST21_santafe_presidente.xlsx
2019,GENERAL,2019-10-27,Santa Fe,Las Colonias,Humboldt,13,4292,2019_GENERAL_DIST21_santafe_presidente.xlsx
2019,GENERAL,2019-10-27,Santa Fe,Las Colonias,Pilar,13,4286,2019_GENERAL_DIST21_santafe_presidente.xlsx
2019,GENERAL,2019-10-27,Santa Fe,Las Colonias,Progreso,6,2098,2019_GENERAL_DIST21_santafe_presidente.xlsx
2019,GENERAL,2019-10-27,Santa Fe,Las Colonias,San Carlos Centro,29,9990,2019_GENERAL_DIST21_santafe_presidente.xlsx
2019,GENERAL,2019-10-27,Santa Fe,Las Colonias,San Carlos Sud,6,2009,2019_GENERAL_DIST21_santafe_presidente.xlsx
2019,GENERAL,2019-10-27,Santa Fe,Las Colonias,San Jerónimo Norte,17,5778,2019_GENERAL_DIST21_santafe_presidente.xlsx
2019,GENERAL,2019-10-27,Santa Fe,Las Colonias,Santa Clara de Buena Vista,8,2550,2019_GENERAL_DIST21_santafe_presidente.xlsx
2019,GENERAL,2019-10-27,Santa Fe,San Martín,Carlos Pellegrini,14,4660,2019_GENERAL_DIST21_santafe_presidente.xlsx
2019,GENERAL,2019-10-27,Santa Fe,San Martín,Cañada Rosquín,13,4529,2019_GENERAL_DIST21_santafe_presidente.xlsx
2019,GENERAL,2019-10-27,Santa Fe,San Martín,El Trébol,30,10288,2019_GENERAL_DIST21_santafe_presidente.xlsx
2019,GENERAL,2019-10-27,Santa Fe,San Martín,María Susana,8,2803,2019_GENERAL_DIST21_santafe_presidente.xlsx
2019,GENERAL,2019-10-27,Santa Fe,San Martín,Piamonte,9,2826,2019_GENERAL_DIST21_santafe_presidente.xlsx
2019,GENERAL,2019-10-27,Santa Fe,San Martín,San Jorge,46,15937,2019_GENERAL_DIST21_santafe_presidente.xlsx
2019,GENERAL,2019-10-27,Santa Fe,San Martín,San Martín de las Escobas,7,2369,2019_GENERAL_DIST21_santafe_presidente.xlsx
2019,GENERAL,2019-10-27,Santa Fe,San Martín,Sastre y Ortiz,14,4884,2019_GENERAL_DIST21_santafe_presidente.xlsx
2019,PASO,2019-08-11,Santa Fe,Castellanos,Ataliva,5,1715,2019_PASO_DIST21_santafe_presidente.xlsx
2019,PASO,2019-08-11,Santa Fe,Castellanos,Colonia Aldao,5,1615,2019_PASO_DIST21_santafe_presidente.xlsx
2019,PASO,2019-08-11,Santa Fe,Castellanos,Frontera,21,7033,2019_PASO_DIST21_santafe_presidente.xlsx
2019,PASO,2019-08-11,Santa Fe,Castellanos,Humberto Primo,14,4724,2019_PASO_DIST21_santafe_presidente.xlsx
2019,PASO,2019-08-11,Santa Fe,Castellanos,Josefina,3,706,2019_PASO_DIST21_santafe_presidente.xlsx
2019,PASO,2019-08-11,Santa Fe,Castellanos,Lehmann,8,2516,2019_PASO_DIST21_santafe_presidente.xlsx
2019,PASO,2019-08-11,Santa Fe,Castellanos,María Juana,13,4339,2019_PASO_DIST21_santafe_presidente.xlsx
2019,PASO,2019-08-11,Santa Fe,Castellanos,Ramona,5,1620,2019_PASO_DIST21_santafe_presidente.xlsx
2019,PASO,2019-08-11,Santa Fe,Castellanos,San Vicente,15,5167,2019_PASO_DIST21_santafe_presidente.xlsx
2019,PASO,2019-08-11,Santa Fe,Castellanos,Santa Clara de Saguier,6,1814,2019_PASO_DIST21_santafe_presidente.xlsx
2019,PASO,2019-08-11,Santa Fe,Castellanos,Sunchales,54,18873,2019_PASO_DIST21_santafe_presidente.xlsx
2019,PASO,2019-08-11,Santa Fe,Castellanos,Zenón Pereyra,5,1449,2019_PASO_DIST21_santafe_presidente.xlsx
2019,PASO,2019-08-11,Santa Fe,Las Colonias,Esperanza,100,34680,2019_PASO_DIST21_santafe_presidente.xlsx
2019,PASO,2019-08-11,Santa Fe,Las Colonias,Felicia,6,1956,2019_PASO_DIST21_santafe_presidente.xlsx
2019,PASO,2019-08-11,Santa Fe,Las Colonias,Franck,15,5043,2019_PASO_DIST21_santafe_presidente.xlsx
2019,PASO,2019-08-11,Santa Fe,Las Colonias,Humboldt,13,4292,2019_PASO_DIST21_santafe_presidente.xlsx
2019,PASO,2019-08-11,Santa Fe,Las Colonias,Pilar,13,4286,2019_PASO_DIST21_santafe_presidente.xlsx
2019,PASO,2019-08-11,Santa Fe,Las Colonias,Progreso,6,2098,2019_PASO_DIST21_santafe_presidente.xlsx
2019,PASO,2019-08-11,Santa Fe,Las Colonias,San Carlos Centro,29,9990,2019_PASO_DIST21_santafe_presidente.xlsx
2019,PASO,2019-08-11,Santa Fe,Las Colonias,San Carlos Sud,6,2009,2019_PASO_DIST21_santafe_presidente.xlsx
2019,PASO,2019-08-11,Santa Fe,Las Colonias,San Jerónimo Norte,17,5778,2019_PASO_DIST21_santafe_presidente.xlsx
2019,PASO,2019-08-11,Santa Fe,Las Colonias,Santa Clara de Buena Vista,8,2550,2019_PASO_DIST21_santafe_presidente.xlsx
2019,PASO,2019-08-11,Santa Fe,San Martín,Carlos Pellegrini,14,4660,2019_PASO_DIST21_santafe_presidente.xlsx
2019,PASO,2019-08-11,Santa Fe,San Martín,Cañada Rosquín,13,4529,2019_PASO_DIST21_santafe_presidente.xlsx
2019,PASO,2019-08-11,Santa Fe,San Martín,El Trébol,30,10288,2019_PASO_DIST21_santafe_presidente.xlsx
2019,PASO,2019-08-11,Santa Fe,San Martín,María Susana,8,2803,2019_PASO_DIST21_santafe_presidente.xlsx
2019,PASO,2019-08-11,Santa Fe,San Martín,Piamonte,9,2826,2019_PASO_DIST21_santafe_presidente.xlsx
2019,PASO,2019-08-11,Santa Fe,San Martín,San Jorge,46,15937,2019_PASO_DIST21_santafe_presidente.xlsx
2019,PASO,2019-08-11,Santa Fe,San Martín,San Martín de las Escobas,7,2369,2019_PASO_DIST21_santafe_presidente.xlsx
2019,PASO,2019-08-11,Santa Fe,San Martín,Sastre y Ortiz,14,4884,2019_PASO_DIST21_santafe_presidente.xlsx
2023,GENERAL,2023-10-22,Santa Fe,Castellanos,Ataliva,6,1766,2023_GENERAL_DIST21_santafe_presidente.xlsx
2023,GENERAL,2023-10-22,Santa Fe,Castellanos,Colonia Aldao,5,1705,2023_GENERAL_DIST21_santafe_presidente.xlsx
2023,GENERAL,2023-10-22,Santa Fe,Castellanos,Frontera,21,7239,2023_GENERAL_DIST21_santafe_presidente.xlsx
2023,GENERAL,2023-10-22,Santa Fe,Castellanos,Humberto Primo,14,4657,2023_GENERAL_DIST21_santafe_presidente.xlsx
2023,GENERAL,2023-10-22,Santa Fe,Castellanos,Josefina,3,733,2023_GENERAL_DIST21_santafe_presidente.xlsx
2023,GENERAL,2023-10-22,Santa Fe,Castellanos,Lehmann,8,2618,2023_GENERAL_DIST21_santafe_presidente.xlsx
2023,GENERAL,2023-10-22,Santa Fe,Castellanos,María Juana,13,4211,2023_GENERAL_DIST21_santafe_presidente.xlsx
2023,GENERAL,2023-10-22,Santa Fe,Castellanos,Ramona,5,1625,2023_GENERAL_DIST21_santafe_presidente.xlsx
2023,GENERAL,2023-10-22,Santa Fe,Castellanos,San Vicente,16,5374,2023_GENERAL_DIST21_santafe_presidente.xlsx
2023,GENERAL,2023-10-22,Santa Fe,Castellanos,Santa Clara de Saguier,6,1814,2023_GENERAL_DIST21_santafe_presidente.xlsx
2023,GENERAL,2023-10-22,Santa Fe,Castellanos,Sunchales,56,19381,2023_GENERAL_DIST21_santafe_presidente.xlsx
2023,GENERAL,2023-10-22,Santa Fe,Castellanos,Zenón Pereyra,5,1479,2023_GENERAL_DIST21_santafe_presidente.xlsx
2023,GENERAL,2023-10-22,Santa Fe,Las Colonias,Esperanza,101,35438,2023_GENERAL_DIST21_santafe_presidente.xlsx
2023,GENERAL,2023-10-22,Santa Fe,Las Colonias,Felicia,6,1979,2023_GENERAL_DIST21_santafe_presidente.xlsx
2023,GENERAL,2023-10-22,Santa Fe,Las Colonias,Franck,16,5395,2023_GENERAL_DIST21_santafe_presidente.xlsx
2023,GENERAL,2023-10-22,Santa Fe,Las Colonias,Humboldt,13,4472,2023_GENERAL_DIST21_santafe_presidente.xlsx
2023,GENERAL,2023-10-22,Santa Fe,Las Colonias,Pilar,13,4434,2023_GENERAL_DIST21_santafe_presidente.xlsx
2023,GENERAL,2023-10-22,Santa Fe,Las Colonias,Progreso,7,2223,2023_GENERAL_DIST21_santafe_presidente.xlsx
2023,GENERAL,2023-10-22,Santa Fe,Las Colonias,San Carlos Centro,29,10148,2023_GENERAL_DIST21_santafe_presidente.xlsx
2023,GENERAL,2023-10-22,Santa Fe,Las Colonias,San Carlos Sud,6,2037,2023_GENERAL_DIST21_santafe_presidente.xlsx
2023,GENERAL,2023-10-22,Santa Fe,Las Colonias,San Jerónimo Norte,18,5973,2023_GENERAL_DIST21_santafe_presidente.xlsx
2023,GENERAL,2023-10-22,Santa Fe,Las Colonias,Santa Clara de Buena Vista,8,2571,2023_GENERAL_DIST21_santafe_presidente.xlsx
2023,GENERAL,2023-10-22,Santa Fe,San Martín,Carlos Pellegrini,14,4801,2023_GENERAL_DIST21_santafe_presidente.xlsx
2023,GENERAL,2023-10-22,Santa Fe,San Martín,Cañada Rosquín,13,4518,2023_GENERAL_DIST21_santafe_presidente.xlsx
2023,GENERAL,2023-10-22,Santa Fe,San Martín,El Trébol,31,10515,2023_GENERAL_DIST21_santafe_presidente.xlsx
2023,GENERAL,2023-10-22,Santa Fe,San Martín,María Susana,8,2773,2023_GENERAL_DIST21_santafe_presidente.xlsx
2023,GENERAL,2023-10-22,Santa Fe,San Martín,Piamonte,9,2839,2023_GENERAL_DIST21_santafe_presidente.xlsx
2023,GENERAL,2023-10-22,Santa Fe,San Martín,San Jorge,47,16426,2023_GENERAL_DIST21_santafe_presidente.xlsx
2023,GENERAL,2023-10-22,Santa Fe,San Martín,San Martín de las Escobas,7,2445,2023_GENERAL_DIST21_santafe_presidente.xlsx
2023,GENERAL,2023-10-22,Santa Fe,San Martín,Sastre y Ortiz,14,4890,2023_GENERAL_DIST21_santafe_presidente.xlsx
