codigo_gobierno_local,localidad,poblacion_2022,poblacion_16_y_mas,electores_2023,electores_sobre_poblacion_16_y_mas
820210,Rosario,1030069,816426,802462,0.983
820147,Santa Fe,405264,316668,325662,1.028
820042,Rafaela,101699,78451,81995,1.045
820217,Villa Gobernador Gálvez,92147,67648,75508,1.116
820077,Venado Tuerto,82839,63804,67318,1.055
820112,Reconquista,87986,65866,64368,0.977
820154,Santo Tomé,75133,57460,58613,1.02
820301,San Lorenzo,50942,39206,44335,1.131
820056,Villa Constitución,52576,40420,41147,1.018
820196,Granadero Baigorria,44188,33297,38535,1.157
820161,Esperanza,46757,36567,35615,0.974
820028,Casilda,38594,30041,31459,1.047
820189,Funes,38284,28384,30794,1.085
820203,Pérez,32389,23798,28039,1.178
820126,Cañada de Gómez,32108,25108,26871,1.07
820266,Capitán Bermúdez,30792,23612,25533,1.081
820091,Avellaneda,29299,22016,24070,1.093
820294,Roldán,30680,22002,23222,1.055
820259,San Justo,26366,20151,20787,1.032
820182,Arroyo Seco,24472,19189,20189,1.052
820336,Vera,22747,17063,19422,1.138
820049,Sunchales,23397,18085,19381,1.072
820252,Gálvez,20124,15887,17615,1.109
820063,Firmat,20536,16082,17483,1.087
820287,Puerto General San Martín,17969,12857,17157,1.334
820070,Rufino,19172,14947,16656,1.114
820119,Villa Ocampo,19628,15183,16559,1.091
820315,San Jorge,19524,15074,16426,1.09
820245,Coronda,19499,14605,15409,1.055
820175,Tostado,17006,12643,15084,1.193
820238,San Javier,17452,12901,14750,1.143
820224,Ceres,16360,12345,14692,1.19
820273,Carcarañá,17354,13461,14644,1.088
820280,Fray Luis Beltrán,18498,13604,14569,1.071
820142,Recreo,19016,13730,14155,1.031
820158,Sauce Viejo,14393,10687,13806,1.292
820231,San Cristóbal,15363,11756,13362,1.137
820021,Las Rosas,14371,11136,11742,1.054
820143,San José del Rincón,13998,10534,11501,1.092
820014,Las Parejas,14514,11179,11411,1.021
820140,Laguna Paiva,13639,10442,11312,1.083
820098,Las Toscas,14397,10732,10775,1.004
820007,Armstrong,12939,10223,10595,1.036
820308,El Trébol,12424,9572,10515,1.099
820207,Pueblo Esther,12666,9525,10344,1.086
820329,Calchaquí,12788,9372,10204,1.089
820168,San Carlos Centro,12322,9803,10148,1.035
820133,Totoras,11676,9152,9506,1.039
823001,Monte Vera,9953,7623,8781,1.152
822553,Helvecia,10164,7601,8326,1.095
820256,San Genaro,9620,7539,8308,1.102
820084,Villa Cañás,9757,7660,8291,1.082
820035,Frontera,9967,7189,8111,1.128
820237,Romang,9168,6981,7700,1.103
820233,San Guillermo,9315,7220,7623,1.056
820105,Malabrigo,8708,6718,7296,1.086
822413,Alcorta,7680,6140,6849,1.115
822056,Chabas,7444,5929,6491,1.095
823365,Álvarez,7930,6018,6438,1.07
822028,Arequito,7319,5837,6262,1.073
822567,Santa Rosa de Calchines,7830,5808,6201,1.068
822441,Empalme Villa Constitución,7148,5553,6168,1.111
823372,Alvear,8349,6024,6152,1.021
820171,San Jerónimo Norte,7312,5850,5973,1.021
822091,San José de la Esquina,6869,5593,5965,1.067
820235,Suardi,7761,5915,5718,0.967
823463,Zavalla,6722,5324,5408,1.016
824030,Timbúes,6437,4564,5406,1.184
823078,Franck,6406,5103,5395,1.057
820045,San Vicente,6240,4911,5374,1.094
823414,Ibarlucea,8903,6387,5341,0.836
823344,Villa Minetti,6529,4832,5315,1.1
820095,Florencia,7454,5543,5236,0.945
823890,Gobernador Crespo,6451,4924,5185,1.053
822644,Elortondo,5938,4797,5158,1.075
822749,Teodelina,6651,5325,5115,0.961
822756,Wheelwright,6140,4921,5053,1.027
823820,Maciel,5975,4619,5047,1.093
822063,Chañar Ladeado,5385,4409,4937,1.12
822903,Correa,6212,4771,4912,1.03
820322,Sastre y Ortiz,5855,4591,4890,1.065
823400,Fighiera,5960,4617,4823,1.045
824051,Carlos Pellegrini,5961,4591,4801,1.046
823351,Acebal,5648,4592,4797,1.045
822049,Bigand,5599,4467,4698,1.052
822273,Humberto Primo,5848,4464,4657,1.043
823729,Barrancas,5611,4362,4655,1.067
824044,Cañada Rosquín,5616,4329,4518,1.044
823099,Humboldt,5320,4137,4472,1.081
823155,Pilar,5310,4083,4434,1.086
823407,General Lagos,5072,3797,4427,1.166
823008,Nelson,4966,3869,4337,1.121
822728,San Gregorio,5400,4149,4317,1.04
822917,Oliveros,5671,4188,4246,1.014
822294,María Juana,4910,3958,4211,1.064
822875,Villa Guillermina,3921,2880,4154,1.442
822651,Hughes,4792,3768,4003,1.062
822742,Santa Isabel,4735,3607,3850,1.067
822959,Arroyo Leyes,4831,3596,3805,1.058
824191,Margarita,4566,3480,3740,1.075
822539,Cayastá,4897,3656,3703,1.013
822686,María Teresa,4073,3136,3697,1.179
822707,Murphy,4039,3169,3624,1.144
823442,Soldini,4286,3249,3527,1.086
822938,Serodino,4087,3048,3378,1.108
823687,Alejandra,4406,3143,3343,1.064
822735,Sancti Spiritu,3688,2846,3250,1.142
824009,Pujato,3566,2889,3029,1.048
822420,Bombal,3510,2809,3013,1.073
822483,Máximo Paz,3204,2563,3010,1.174
822868,Villa Ana,3331,2542,2938,1.156
822518,Santa Teresa,3243,2611,2921,1.119
823680,Villa Trinidad,3939,2979,2893,0.971
824121,Piamonte,3622,2854,2839,0.995
822924,Pueblo Andino,4142,3037,2817,0.928
822035,Arteaga,3414,2763,2813,1.018
824114,María Susana,3569,2851,2773,0.973
823547,Hersilia,3449,2554,2721,1.065
823757,Centeno,3092,2461,2707,1.1
822945,Villa Eloísa,3232,2633,2693,1.023
823778,Gaboto,3672,2656,2673,1.006
822861,Tacuarendi,2941,2190,2664,1.216
824149,Fortín Olmos,3493,2546,2656,1.043
822287,Lehmann,3574,2661,2618,0.984
823239,Santa Clara de Buena Vista,3115,2429,2571,1.058
823764,Desvío Arijón,2933,2127,2504,1.177
824128,San Martín de las Escobas,3047,2344,2445,1.043
822014,Montes de Oca,2857,2307,2436,1.056
824023,San Jerónimo Sud,3067,2371,2432,1.026
822490,Pavón,3083,2222,2396,1.078
822826,Lanteri,2569,1947,2378,1.221
822854,San Antonio de Obligado,3167,2292,2337,1.02
822994,Llambí Campbell,2685,2174,2314,1.064
823995,Fuentes,2729,2220,2277,1.026
823393,Coronel Bogado,2448,1937,2274,1.174
824177,La Gallareta,2719,1994,2238,1.122
822504,Peyrano,2473,2056,2228,1.084
823162,Progreso,2773,2120,2223,1.049
822084,Los Quirquinchos,2268,1860,2167,1.165
824037,Villa Mugueta,2254,1812,2087,1.152
822693,Melincué,2461,1903,2051,1.078
823904,La Criolla,2502,1903,2044,1.074
823603,Moisés Ville,2415,1810,2044,1.129
823211,San Carlos Sud,2607,1969,2037,1.035
823421,Piñero,2484,1812,2033,1.122
822931,Salto Grande,2529,1970,2027,1.029
823974,Videla,2505,1963,2027,1.033
822623,Chovet,2131,1724,1998,1.159
824156,Garabato,1912,1419,1997,1.407
823071,Felicia,3158,2454,1979,0.806
822021,Tortugas,2488,1897,1972,1.04
823827,Monje,2400,1873,1918,1.024
824198,Tartagal,1848,1392,1906,1.369
823491,Arrufo,2301,1733,1832,1.057
822357,Santa Clara de Saguier,2057,1586,1814,1.144
822042,Berabevú,2104,1725,1799,1.043
823295,Gregoria Pérez de Denis,1967,1445,1790,1.239
822637,Diego de Alvear,2047,1604,1775,1.107
822679,Maggiolo,2068,1614,1772,1.098
822119,Ataliva,2292,1752,1766,1.008
822147,Colonia Aldao,2015,1517,1705,1.124
822077,Los Molinos,2022,1606,1692,1.054
822609,Carreras,1954,1574,1670,1.061
822497,Pavón Arriba,2110,1691,1662,0.983
822329,Ramona,2062,1609,1625,1.01
823722,Arocena,2134,1583,1615,1.02
822098,Sanford,2033,1637,1580,0.965
823918,Marcelino Escalada,2042,1544,1556,1.008
822602,Carmen,1756,1422,1548,1.089
823771,Díaz,1780,1377,1546,1.123
823057,Elisa,1828,1445,1499,1.037
822581,Amenábar,1965,1540,1487,0.966
822406,Zenón Pereyra,2123,1631,1479,0.907
822070,Gödeken,1908,1541,1467,0.952
823260,Santo Domingo,1795,1398,1452,1.039
823456,Villa Amelia,1843,1438,1437,0.999
823267,Sarmiento,1145,842,1426,1.694
822140,Bella Italia,1936,1427,1418,0.994
822952,Arroyo Aguiar,1628,1249,1408,1.127
823190,Sa Pereira,1590,1252,1401,1.119
823736,Bernardo de Irigoyen,1658,1282,1392,1.086
823813,López,1580,1237,1372,1.109
822833,Las Garzas,1728,1258,1345,1.069
824170,Intiyaco,1408,1010,1342,1.329
822371,Tacural,1553,1199,1326,1.106
822819,La Sarita,1494,1169,1318,1.127
822455,Godoy,1374,1106,1313,1.187
822385,Vila,1586,1191,1303,1.094
822364,Susana,1834,1345,1294,0.962
822308,Plaza Clucellas,1948,1408,1285,0.913
822462,Juan B. Molina,1310,1076,1283,1.192
822007,Bouquet,1375,1125,1272,1.131
822840,Los Laureles,1487,1072,1219,1.137
824002,Luis Palacios,1543,1143,1194,1.045
822112,Angélica,1475,1144,1191,1.041
822588,Cafferata,1108,894,1173,1.312
822882,Bustinza,1344,1078,1169,1.084
824086,Landeta,1502,1156,1161,1.004
822805,Guadalupe Norte,1700,1244,1141,0.917
824107,Los Cardos,1333,1009,1124,1.114
822889,Carrizales,1206,945,1110,1.175
823659,Soledad,1125,855,1079,1.262
823120,La Pelada,1440,1080,1078,0.998
824184,Los Amores,1206,879,1078,1.226
822763,Arroyo Ceibal,1422,1108,1068,0.964
823967,Vera y Pintado,1343,1040,1063,1.022
824072,Colonia Belgrano,1414,1061,1054,0.993
823337,Santa Margarita,1103,829,1040,1.255
823484,Ambrosetti,1326,982,1033,1.052
822105,Villada,1259,986,1008,1.022
823323,Pozo Borrado,1030,837,1006,1.202
822784,El Rabón,1421,1081,1002,0.927
822546,Colonia Mascías,1044,775,989,1.276
823204,San Carlos Norte,1288,985,951,0.965
823470,Coronel Domínguez,1175,938,942,1.004
822791,El Sombrerito,746,605,941,1.555
822525,Sargento Cabral,1023,843,939,1.114
822987,Emilia,1028,841,938,1.115
822714,San Eduardo,1154,899,922,1.026
823197,San Agustín,1147,876,910,1.039
822980,Candioti,1155,897,904,1.008
822469,Juncal,996,846,893,1.056
822665,Labordeboy,1155,923,878,0.951
823785,Gessler,1158,908,865,0.953
823449,Uranga,884,731,854,1.168
823792,Irigoyen,1003,759,837,1.103
823519,Colonia Rosa,1069,800,836,1.045
823988,Coronel Arnold,990,787,817,1.038
823085,Grutly,875,688,811,1.179
824100,Las Petacas,952,754,799,1.06
822224,Estación Clucellas,1006,744,789,1.06
823218,San Jerónimo del Sauce,993,751,789,1.051
823704,Colonia Teresa,701,465,784,1.686
823141,Matilde,966,734,778,1.06
823386,Carmen del Sauce,1002,762,777,1.02
823841,San Fabián,1099,816,757,0.928
822315,Presidente Roca,1035,797,737,0.925
822595,Cañada del Ucle,973,793,734,0.926
822280,Josefina,2738,1911,733,0.384
822777,El Araza,787,623,726,1.165
823169,Providencia,902,685,721,1.053
822231,Eusebia y Carolina,1048,789,719,0.911
822616,Chapuy,874,644,719,1.116
823554,Huanqueros,864,658,717,1.09
822812,Ingeniero Chanourdie,989,739,713,0.965
823288,Gato Colorado,1106,774,701,0.906
823673,Villa Saralegui,635,453,701,1.547
822896,Classon,924,666,698,1.048
822560,Saladero Mariano Cabal,918,637,690,1.083
824205,Toba,924,676,687,1.016
823953,San Martín Norte,954,698,686,0.983
823309,Logroño,810,601,679,1.13
822770,Berna,938,667,678,1.016
822808,Hardy,877,658,678,1.03
823330,San Bernardo,744,564,665,1.179
823981,Aldao,802,606,658,1.086
824058,Casas,777,580,652,1.124
822427,Cañada Rica,679,560,652,1.164
823939,Ramayón,693,541,651,1.203
822630,Christophersen,898,680,642,0.944
823134,María Luisa,760,588,640,1.088
822336,Saguier,506,369,639,1.732
823876,Colonia Dolores,761,561,638,1.137
823148,Nuevo Torino,763,594,589,0.992
823708,La Brava,614,474,580,1.224
822847,Nicanor Molinas,543,393,574,1.461
823932,Pedro Gómez Cello,657,498,572,1.149
822448,General Gelly,651,540,557,1.031
823596,Las Palmeras,652,477,553,1.159
822511,Rueda,628,511,552,1.08
823435,Pueblo Muñoz,567,454,531,1.17
824065,Castelar,755,569,513,0.902
822217,Esmeralda,705,537,512,0.953
824142,Cañada Ombú,914,707,495,0.7
822532,Theobald,541,430,483,1.123
823127,Las Tunas,489,358,476,1.33
823960,Silva,452,340,459,1.35
823799,Larrechea,687,510,436,0.855
822672,Lazzarino,426,333,434,1.303
823631,Palacios,515,369,429,1.163
823701,Colonia Durán,466,379,422,1.113
823869,Cayastacito,501,368,421,1.144
822658,La Chispa,569,435,420,0.966
822700,Miguel Torres,522,387,419,1.083
822910,Lucio V. López,505,388,417,1.075
823610,Monigotes,426,336,417,1.241
822210,Egusquiza,366,275,401,1.458
823617,Monte Oscuridad,705,475,388,0.817
822476,La Vanguardia,383,317,382,1.205
824163,Golondrina,443,328,371,1.131
823925,Naré,336,263,370,1.407
823036,Cavour,405,300,363,1.21
823232,San Mariano,380,274,360,1.314
823498,Capivara,352,251,359,1.43
822434,Cepeda,351,286,358,1.252
823911,La Penca y Caraguatá,380,292,351,1.202
823694,Cacique Ariacaiquín,373,303,351,1.158
822392,Villa San José,426,329,350,1.064
823477,Aguará Grande,384,277,349,1.26
823358,Albarellos,366,289,349,1.208
823582,La Rubia,543,398,343,0.862
823092,Hipatía,550,402,337,0.838
822973,Campo Andino,442,325,336,1.034
823512,Colonia Bossi,461,337,321,0.953
822189,Colonia Margarita,351,262,313,1.195
823575,La Lucila,265,214,311,1.453
822343,San Antonio,323,256,308,1.203
823050,Cululú,296,220,302,1.373
823533,Curupaity,387,313,300,0.958
822168,Castellanos,285,218,299,1.372
822196,Colonia Raquel,457,315,297,0.943
824079,Crispi,454,323,297,0.92
824188,Los Tábanos,495,361,294,0.814
822203,Coronel Fraga,393,303,292,0.964
823379,Arminda,303,248,292,1.177
823176,Pujato Norte,495,347,288,0.83
822721,San Francisco de Santa Fe,313,230,276,1.2
823064,Empalme San Carlos,346,251,272,1.084
823526,Constanza,256,173,261,1.509
822133,Bauer y Sigel,313,251,254,1.012
822574,Aarón Castellanos,401,294,250,0.85
823043,San José,272,214,230,1.075
823624,Ñanducita,212,153,226,1.477
823316,Montefiore,292,205,222,1.083
823281,Esteban Rams,307,234,209,0.893
824093,Las Bandurrias,308,211,205,0.972
822154,Colonia Bicha,375,268,201,0.75
823561,La Cabral,246,176,197,1.119
823862,Angeloni,272,216,189,0.875
822175,Colonia Cello,215,167,184,1.102
823638,Portugalete,145,107,180,1.682
822378,Tacurales,448,306,179,0.585
823750,Casalegno,179,147,177,1.204
822259,Garibaldi,288,206,172,0.835
822252,Galisteo,253,177,161,0.91
822399,Virginia,258,193,160,0.829
823806,Loma Alta,202,157,156,0.994
823652,Santurce,58,48,156,3.25
823113,Jacinto L. Aráuz,186,140,155,1.107
824135,Traill,186,129,152,1.178
823540,Dos Rosas y La Legua,504,379,148,0.391
822126,Aurelia,208,152,145,0.954
822238,Eustolia,107,84,145,1.726
823589,Las Avispas,127,91,129,1.418
822966,Cabal,128,109,123,1.128
823505,Colonia Ana,289,214,121,0.565
823568,Colonia Clara,144,97,120,1.237
823834,San Eugenio,124,93,120,1.29
823253,Santa María Norte,164,110,113,1.027
822322,Pueblo Marini,164,115,113,0.983
823897,La Camila,111,88,112,1.273
823274,Soutomayor,120,86,110,1.279
823302,Juan de Garay,48,36,110,3.056
823946,San Bernardo,81,61,104,1.705
823743,Campo Piaggio,87,68,101,1.485
822245,Fidela,179,125,94,0.752
823883,Esther,79,65,78,1.2
823183,Rivadavia,221,161,73,0.453
823246,Santa María Centro,152,115,54,0.47
822301,Colonia Maua,80,54,54,1.0
822161,Colonia Bigand,176,129,52,0.403
822182,Colonia Iturraspe,88,65,49,0.754
822266,Hugentobler,157,120,46,0.383
823106,Ituzaingó,82,60,37,0.617
